[     0.3s] tests/cli_runtime/test_active.py::TestCliActive::test_active_set_initiative_and_epic_keep_missing_layers_as_placeholder
[     0.3s] tests/cli_runtime/test_active.py::TestCliActive::test_active_set_rejects_legacy_flags
[     0.3s] tests/cli_runtime/test_active.py::TestCliActive::test_active_set_rejects_removed_readiness_and_checkout_flags
[     0.3s] tests/cli_runtime/test_active.py::TestCliActive::test_active_set_accepts_explicit_id_flag
[     0.3s] tests/cli_runtime/test_active.py::TestCliActive::test_active_set_accepts_explicit_github_issue_flag
[     0.3s] tests/cli_runtime/test_active.py::TestCliActive::test_active_set_github_issue_flag_is_ambiguous_with_current_foreign_overlap_but_id_succeeds
[     0.3s] tests/cli_runtime/test_active.py::TestCliActive::test_active_set_repo_scoped_url_resolves_exact_match_when_number_is_ambiguous
[     0.3s] tests/cli_runtime/test_active.py::TestCliActive::test_active_set_repo_scoped_url_fails_closed_when_repo_scope_does_not_match
[     0.3s] tests/cli_runtime/test_active.py::TestCliActive::test_active_set_repo_scoped_current_url_resolves_unscoped_current_node
[     0.3s] tests/cli_runtime/test_active.py::TestCliActive::test_active_set_rejects_non_canonical_url_like_target_and_keeps_active_state
[     0.3s] tests/cli_runtime/test_active.py::TestCliActive::test_active_set_rejects_conflict_between_positional_target_and_id_flag
[     0.3s] tests/cli_runtime/test_active.py::TestCliActive::test_active_set_rejects_conflict_between_id_and_github_issue_flags
[     0.3s] tests/cli_runtime/test_active.py::TestCliActive::test_active_set_rejects_non_positive_github_issue_flag
[     0.3s] tests/cli_runtime/test_active.py::TestCliActive::test_active_set_github_issue_checkout_sets_active
[     0.3s] tests/cli_runtime/test_active.py::TestCliActive::test_active_set_local_only_node_does_not_rename_branch
[     0.3s] tests/cli_runtime/test_active.py::TestCliActive::test_active_set_detached_head_creates_desired_branch
[     0.3s] tests/cli_runtime/test_active.py::TestCliActive::test_active_set_reuses_existing_desired_branch_without_gh_checkout
[     0.3s] tests/cli_runtime/test_active.py::TestCliActive::test_active_set_reuses_existing_branch_recomputes_desired_after_checkout_for_github_issue_target
[     0.3s] tests/cli_runtime/test_active.py::TestCliActive::test_active_set_reuses_existing_branch_recomputes_desired_after_checkout_for_node_id_target
[     0.3s] tests/cli_runtime/test_active.py::TestCliActive::test_active_set_fallbacks_to_id_when_id_slug_is_non_ascii
[     0.3s] tests/cli_runtime/test_active.py::TestCliActive::test_active_set_fallbacks_to_id_when_id_slug_is_invalid_ref
[     0.3s] tests/cli_runtime/test_active.py::TestCliActive::test_active_set_parses_hash_and_url_targets
[     0.3s] tests/cli_runtime/test_active.py::TestCliActive::test_active_set_github_issue_number_requires_linked_node
[     0.3s] tests/cli_runtime/test_active.py::TestCliActive::test_active_set_blocked_by_deps_refuses_without_force
[     0.3s] tests/cli_runtime/test_active.py::TestCliActive::test_active_set_force_allows_blocked_target_and_warns
[     0.3s] tests/cli_runtime/test_active.py::TestCliActive::test_active_set_is_blocked_when_deps_not_ready
[     0.3s] tests/cli_runtime/test_active.py::TestCliActive::test_active_set_force_overrides_deps_guard
[     0.3s] tests/cli_runtime/test_active.py::TestCliActive::test_active_set_ignores_unreachable_dependency_cycle_and_only_patches_active_fields
[     0.3s] tests/cli_runtime/test_active.py::TestCliActive::test_active_set_without_github_uses_synced_index_for_deps_guard
[     0.3s] tests/cli_runtime/test_active.py::TestCliActive::test_active_set_default_github_uses_live_state_for_deps_guard
[     0.3s] tests/cli_runtime/test_active.py::TestCliActive::test_active_set_without_github_uses_index_snapshot_when_present
[     0.3s] tests/cli_runtime/test_active.py::TestCliActive::test_active_set_without_github_blocks_when_snapshot_missing
[     0.3s] tests/cli_runtime/test_active.py::TestCliActive::test_active_set_without_github_local_issue_without_deps_is_ready
[     0.3s] tests/cli_runtime/test_active.py::TestCliActive::test_active_set_epic_and_initiative_ignore_dependency_readiness
[     0.3s] tests/cli_runtime/test_active.py::TestCliActive::test_active_set_issue_auto_checkouts_when_github_linked
[     0.3s] tests/cli_runtime/test_active.py::TestCliActive::test_active_set_re_resolves_node_after_checkout_when_id_format_changes
[     0.3s] tests/cli_runtime/test_active.py::TestCliActive::test_active_set_github_issue_checkout_refuses_dirty_working_tree
[     0.3s] tests/cli_runtime/test_artifact_import_file.py::TestArtifactImportFile::test_help_has_only_generic_file_options
[     0.3s] tests/cli_runtime/test_artifact_import_file.py::TestArtifactImportFile::test_zero_or_multiple_target_is_parser_error_without_source_or_setup_mutation
[     0.3s] tests/cli_runtime/test_artifact_import_file.py::TestArtifactImportFile::test_missing_or_kind_mismatched_target_is_rejected_without_setup_mutation
[     0.3s] tests/cli_runtime/test_artifact_import_file.py::TestArtifactImportFile::test_root_initiative_epic_issue_target_matrix_preserves_opaque_source
[     0.3s] tests/cli_runtime/test_artifact_import_file.py::TestArtifactImportFile::test_external_relative_source_from_nested_cwd_is_basename_only_and_content_free
[     0.3s] tests/cli_runtime/test_artifact_import_file.py::TestArtifactImportFile::test_name_collision_uses_shared_typed_generic_slots_without_overwrite
[     0.3s] tests/cli_runtime/test_artifact_import_file.py::TestArtifactImportFile::test_json_with_spaces_in_original_basename_remains_opaque_generic_evidence
[     0.3s] tests/cli_runtime/test_artifact_import_file.py::TestArtifactImportFile::test_shared_slot_exhaustion_is_not_committed_and_preserves_existing_files
[     0.3s] tests/cli_runtime/test_artifact_import_s04.py::test_tc_346_s04_projection_snapshot_preserves_raw_json_except_generated_at
[     0.3s] tests/cli_runtime/test_artifact_import_s04.py::TestArtifactImportS04::test_tc_346_s04_003_generic_file_races_legacy_creator_without_overwrite
[     0.3s] tests/cli_runtime/test_artifact_import_s04.py::TestArtifactImportS04::test_tc_346_s04_001_opaque_body_open_denial_matrix
[     0.3s] tests/cli_runtime/test_artifact_import_s04.py::TestArtifactImportS04::test_tc_346_s04_002_projection_and_context_equivalence
[     0.3s] tests/cli_runtime/test_artifact_import_s04.py::TestArtifactImportS04::test_tc_s04_001_002_003_generic_bodies_do_not_change_default_lifecycle_projections
[     0.3s] tests/cli_runtime/test_artifact_import_s04.py::TestArtifactImportS04::test_tc_s04_005_typed_and_blank_keep_legacy_names_while_generic_reserves_shared_slot
[     0.3s] tests/cli_runtime/test_artifact_import_s04.py::TestArtifactImportS04::test_tc_s99_002_post_rollout_write_disable_keeps_generic_compatibility_layer
[     0.3s] tests/cli_runtime/test_close.py::TestCliClose::test_close_command_accepts_explicit_id_flag_and_keeps_local_tree
[     0.3s] tests/cli_runtime/test_close.py::TestCliClose::test_close_command_accepts_explicit_github_issue_flag
[     0.3s] tests/cli_runtime/test_close.py::TestCliClose::test_close_command_accepts_positional_issue_number_target
[     0.3s] tests/cli_runtime/test_close.py::TestCliClose::test_close_command_accepts_canonical_url_target
[     0.3s] tests/cli_runtime/test_close.py::TestCliClose::test_close_refreshes_github_backed_derived_state_without_manual_sync
[     0.3s] tests/cli_runtime/test_close.py::TestCliClose::test_close_already_closed_refreshes_github_backed_derived_state
[     0.3s] tests/cli_runtime/test_close.py::TestCliClose::test_close_failure_does_not_run_post_sync
[     0.3s] tests/cli_runtime/test_delete.py::TestCliDelete::test_delete_issue_by_positional_target_removes_local_leaf_and_closes_remote
[     0.3s] tests/cli_runtime/test_delete.py::TestCliDelete::test_delete_issue_removes_nonempty_workbench_with_scope_without_special_handling
[     0.3s] tests/cli_runtime/test_delete.py::TestCliDelete::test_delete_issue_auto_syncs_index_dashboard_and_dependency_projection
[     0.3s] tests/cli_runtime/test_delete.py::TestCliDelete::test_delete_issue_post_sync_artifact_failure_returns_nonzero_with_recovery_guidance
[     0.3s] tests/cli_runtime/test_delete.py::TestCliDelete::test_delete_preflight_failure_does_not_run_post_sync_or_refresh_artifacts
[     0.3s] tests/cli_runtime/test_delete.py::TestCliDelete::test_delete_issue_by_id_flag_removes_local_leaf_and_closes_remote
[     0.3s] tests/cli_runtime/test_delete.py::TestCliDelete::test_delete_issue_by_github_issue_flag_removes_local_leaf_and_closes_remote
[     0.3s] tests/cli_runtime/test_delete.py::TestCliDelete::test_delete_issue_with_recursive_flag_is_accepted_noop_and_succeeds
[     0.3s] tests/cli_runtime/test_delete.py::TestCliDelete::test_delete_issue_when_remote_already_closed_returns_ok_noop_and_removes_local_leaf
[     0.3s] tests/cli_runtime/test_delete.py::TestCliDelete::test_delete_issue_remote_close_failed_keeps_local_leaf
[     0.3s] tests/cli_runtime/test_delete.py::TestCliDelete::test_delete_issue_target_invalid_metadata_returns_structured_json
[     0.3s] tests/cli_runtime/test_delete.py::TestCliDelete::test_delete_issue_target_invalid_metadata_positional_returns_structured_json
[     0.3s] tests/cli_runtime/test_delete.py::TestCliDelete::test_delete_scrubbed_meta_is_not_reobserved_by_validate_sync_active
[     0.3s] tests/cli_runtime/test_delete.py::TestFsRepoDeleteTree::test_delete_tree_retries_permission_error_for_readonly_meta
[     0.3s] tests/cli_runtime/test_deps.py::TestCliDeps::test_deps_check_rejects_github_and_no_github_together
[     0.3s] tests/cli_runtime/test_deps.py::TestCliDeps::test_sync_deps_progress_aggregation_for_epic_and_initiative
[     0.3s] tests/cli_runtime/test_deps.py::TestCliDeps::test_sync_deps_empty_open_epic_blocks_with_node_context
[     0.3s] tests/cli_runtime/test_deps.py::TestCliDeps::test_sync_deps_ignores_parent_github_closed_for_done
[     0.3s] tests/cli_runtime/test_deps.py::TestCliDeps::test_sync_deps_active_leaf_makes_epic_and_initiative_doing
[     0.3s] tests/cli_runtime/test_deps.py::TestCliDeps::test_sync_deps_active_epic_makes_initiative_doing
[     0.3s] tests/cli_runtime/test_deps.py::TestCliDeps::test_deps_check_no_deps_is_ready
[     0.3s] tests/cli_runtime/test_deps.py::TestCliDeps::test_deps_check_accepts_explicit_id_flag
[     0.3s] tests/cli_runtime/test_deps.py::TestCliDeps::test_deps_check_accepts_explicit_github_issue_flag
[     0.3s] tests/cli_runtime/test_deps.py::TestCliDeps::test_deps_check_github_issue_flag_is_ambiguous_with_current_foreign_overlap_but_id_succeeds
[     0.3s] tests/cli_runtime/test_deps.py::TestCliDeps::test_deps_check_repo_scoped_url_resolves_exact_match_when_number_is_ambiguous
[     0.3s] tests/cli_runtime/test_deps.py::TestCliDeps::test_deps_check_repo_scoped_url_fails_closed_when_repo_scope_does_not_match
[     0.3s] tests/cli_runtime/test_deps.py::TestCliDeps::test_deps_check_repo_scoped_current_url_resolves_unscoped_current_node
[     0.3s] tests/cli_runtime/test_deps.py::TestCliDeps::test_deps_numeric_ref_prefers_current_repo_scope_when_foreign_same_number_exists
[     0.3s] tests/cli_runtime/test_deps.py::TestCliDeps::test_deps_numeric_ref_rejects_foreign_only_match_when_current_repo_known
[     0.3s] tests/cli_runtime/test_deps.py::TestCliDeps::test_deps_numeric_ref_fail_closed_when_scope_mixed_and_current_repo_unknown
[     0.3s] tests/cli_runtime/test_deps.py::TestCliDeps::test_deps_scoped_ref_forms_resolve_exact_repo_match[owner-repo-number]
[     0.3s] tests/cli_runtime/test_deps.py::TestCliDeps::test_deps_scoped_ref_forms_resolve_exact_repo_match[github-url]
[     0.3s] tests/cli_runtime/test_deps.py::TestCliDeps::test_deps_scoped_ref_forms_fail_closed_when_repo_scope_does_not_match[owner-repo-number]
[     0.3s] tests/cli_runtime/test_deps.py::TestCliDeps::test_deps_scoped_ref_forms_fail_closed_when_repo_scope_does_not_match[github-url]
[     0.3s] tests/cli_runtime/test_deps.py::TestCliDeps::test_deps_scoped_ref_forms_resolve_current_repo_scope_to_unscoped_current_node[owner-repo-number]
[     0.3s] tests/cli_runtime/test_deps.py::TestCliDeps::test_deps_scoped_ref_forms_resolve_current_repo_scope_to_unscoped_current_node[github-url]
[     0.3s] tests/cli_runtime/test_deps.py::TestCliDeps::test_deps_check_rejects_conflict_between_positional_target_and_id_flag
[     0.3s] tests/cli_runtime/test_deps.py::TestCliDeps::test_deps_check_rejects_non_positive_github_issue_flag
[     0.3s] tests/cli_runtime/test_deps.py::TestCliDeps::test_deps_check_returns_ready_and_blockers_and_closure_json
[     0.3s] tests/cli_runtime/test_deps.py::TestCliDeps::test_deps_check_json_reports_empty_open_epic_as_node_blocker
[     0.3s] tests/cli_runtime/test_deps.py::TestCliDeps::test_deps_check_json_exits_zero_for_empty_closed_epic_context
[     0.3s] tests/cli_runtime/test_deps.py::TestCliDeps::test_deps_check_json_blocks_empty_high_level_source_direct_dependency_without_github
[     0.3s] tests/cli_runtime/test_deps.py::TestCliDeps::test_deps_check_json_blocks_epic_source_direct_dependency_without_github
[     0.3s] tests/cli_runtime/test_deps.py::TestCliDeps::test_sync_index_all_preserves_high_level_node_depends_on_without_github
[     0.3s] tests/cli_runtime/test_deps.py::TestCliDeps::test_sync_index_all_preserves_satisfied_high_level_node_depends_on_without_github
[     0.3s] tests/cli_runtime/test_deps.py::TestCliDeps::test_deps_check_without_github_uses_index_snapshot_when_present
[     0.3s] tests/cli_runtime/test_deps.py::TestCliDeps::test_deps_check_no_github_falls_back_to_unknown_when_snapshot_missing
[     0.3s] tests/cli_runtime/test_deps.py::TestCliDeps::test_deps_check_missing_target_reports_runtime_target_requirement
[     0.3s] tests/cli_runtime/test_deps.py::TestCliDeps::test_deps_check_accepts_github_number_forms_and_urls[number]
[     0.3s] tests/cli_runtime/test_deps.py::TestCliDeps::test_deps_check_accepts_github_number_forms_and_urls[hash-number]
[     0.3s] tests/cli_runtime/test_deps.py::TestCliDeps::test_deps_check_accepts_github_number_forms_and_urls[github-url]
[     0.3s] tests/cli_runtime/test_deps.py::TestCliDeps::test_deps_check_default_github_ready_when_deps_closed
[     0.3s] tests/cli_runtime/test_deps.py::TestCliDeps::test_deps_check_no_github_uses_synced_index_status
[     0.3s] tests/cli_runtime/test_deps.py::TestCliDeps::test_deps_check_no_github_missing_index_defaults_unknown
[     0.3s] tests/cli_runtime/test_deps.py::TestCliDeps::test_deps_check_github_blocked_when_dep_open
[     0.3s] tests/cli_runtime/test_deps.py::TestCliDeps::test_deps_check_github_index_incomplete_warns_and_blocks
[     0.3s] tests/cli_runtime/test_deps.py::TestCliDeps::test_deps_check_github_fetch_failure_warns_and_blocks
[     0.3s] tests/cli_runtime/test_deps.py::TestCliDeps::test_deps_check_json_stdout_only
[     0.3s] tests/cli_runtime/test_deps.py::TestCliDeps::test_deps_check_missing_meta_depends_on_is_empty
[     0.3s] tests/cli_runtime/test_deps.py::TestCliDeps::test_deps_check_missing_meta_depends_on_ignores_stale_legacy_deps_json
[     0.3s] tests/cli_runtime/test_deps.py::TestCliDeps::test_materialize_local_compat_ids_assigns_authentic_per_kind_local_ids
[     0.3s] tests/cli_runtime/test_deps.py::TestCliDeps::test_meta_json_parse_error_fails_with_path
[     0.3s] tests/cli_runtime/test_deps.py::TestCliDeps::test_meta_schema_error_fails_with_reason
[     0.3s] tests/cli_runtime/test_deps.py::TestCliDeps::test_meta_schema_root_non_object_is_rejected
[     0.3s] tests/cli_runtime/test_deps.py::TestCliDeps::test_meta_schema_rejects_object_dep_ref
[     0.3s] tests/cli_runtime/test_deps.py::TestCliDeps::test_meta_schema_rejects_boolean_dep_ref
[     0.3s] tests/cli_runtime/test_deps.py::TestCliDeps::test_meta_schema_version_must_be_1
[     0.3s] tests/cli_runtime/test_deps.py::TestCliDeps::test_meta_schema_version_missing_is_rejected
[     0.3s] tests/cli_runtime/test_deps.py::TestCliDeps::test_meta_schema_version_rejects_boolean_true
[     0.3s] tests/cli_runtime/test_deps.py::TestCliDeps::test_deps_unresolved_ref_reports_ref_and_deps_path
[     0.3s] tests/cli_runtime/test_deps.py::TestCliDeps::test_deps_canonicalizes_width_variants
[     0.3s] tests/cli_runtime/test_deps.py::TestCliDeps::test_deps_github_number_requires_imported_node
[     0.3s] tests/cli_runtime/test_deps.py::TestCliDeps::test_deps_effective_depends_on_merges_parents_and_dedups
[     0.3s] tests/cli_runtime/test_deps.py::TestCliDeps::test_deps_effective_depends_on_merges_epic_and_initiative
[     0.3s] tests/cli_runtime/test_deps.py::TestCliDeps::test_deps_check_initiative_and_epic_target_status_does_not_fall_back_unknown
[     0.3s] tests/cli_runtime/test_deps.py::TestCliDeps::test_deps_check_initiative_and_epic_target_status_uses_github_when_linked
[     0.3s] tests/cli_runtime/test_deps.py::TestCliDeps::test_deps_self_dependency_fails
[     0.3s] tests/cli_runtime/test_deps.py::TestCliDeps::test_deps_descendant_dependency_fails
[     0.3s] tests/cli_runtime/test_deps.py::TestCliDeps::test_deps_cycle_detected_in_reachable_graph
[     0.3s] tests/cli_runtime/test_deps.py::TestCliDeps::test_deps_check_ignores_unreachable_cycle
[     0.3s] tests/cli_runtime/test_deps.py::TestCliDeps::test_sync_fails_on_deps_structural_error_without_force
[     0.3s] tests/cli_runtime/test_deps.py::TestCliDeps::test_validate_fails_on_existing_empty_container_raw_cycle
[     0.3s] tests/cli_runtime/test_deps.py::TestCliDeps::test_sync_fails_on_existing_empty_container_raw_cycle_without_force
[     0.3s] tests/cli_runtime/test_deps.py::TestCliDeps::test_sync_force_sets_deps_valid_false_and_emits_placeholders
[     0.3s] tests/cli_runtime/test_deps.py::TestCliDeps::test_sync_force_removes_legacy_v1_deps_artifacts
[     0.3s] tests/cli_runtime/test_deps.py::TestCliDeps::test_deps_commands_do_not_mutate_meta_json
[     0.3s] tests/cli_runtime/test_deps.py::TestCliDeps::test_deps_add_updates_meta_json_and_returns_updated
[     0.3s] tests/cli_runtime/test_deps.py::TestCliDeps::test_deps_add_updated_path_auto_syncs_dependency_projection
[     0.3s] tests/cli_runtime/test_deps.py::TestCliDeps::test_deps_add_duplicate_returns_unchanged_without_mutation
[     0.3s] tests/cli_runtime/test_deps.py::TestCliDeps::test_deps_add_duplicate_skips_post_sync_and_does_not_claim_refresh
[     0.3s] tests/cli_runtime/test_deps.py::TestCliDeps::test_deps_add_duplicate_epic_shorthand_direct_ref_returns_unchanged_without_duplicate_storage
[     0.3s] tests/cli_runtime/test_deps.py::TestCliDeps::test_deps_add_inherited_only_edge_adds_direct_dependency
[     0.3s] tests/cli_runtime/test_deps.py::TestCliDeps::test_deps_add_mixed_kind_direct_dependency_updates_meta_json_and_returns_updated[issue-to-unrelated-epic]
[     0.3s] tests/cli_runtime/test_deps.py::TestCliDeps::test_deps_add_mixed_kind_direct_dependency_updates_meta_json_and_returns_updated[initiative-to-unrelated-epic]
[     0.3s] tests/cli_runtime/test_deps.py::TestCliDeps::test_deps_remove_updates_meta_json_and_returns_updated
[     0.3s] tests/cli_runtime/test_deps.py::TestCliDeps::test_deps_remove_mixed_kind_direct_dependency_updates_meta_json_and_returns_updated[issue-to-unrelated-epic]
[     0.3s] tests/cli_runtime/test_deps.py::TestCliDeps::test_deps_remove_mixed_kind_direct_dependency_updates_meta_json_and_returns_updated[initiative-to-unrelated-epic]
[     0.3s] tests/cli_runtime/test_deps.py::TestCliDeps::test_deps_remove_updated_path_auto_syncs_dependency_projection
[     0.3s] tests/cli_runtime/test_deps.py::TestCliDeps::test_deps_remove_inherited_only_edge_returns_edge_not_found
[     0.3s] tests/cli_runtime/test_deps.py::TestCliDeps::test_deps_remove_removes_shorthand_direct_refs_by_issue_id
[     0.3s] tests/cli_runtime/test_deps.py::TestCliDeps::test_deps_remove_removes_shorthand_direct_refs_by_epic_id
[     0.3s] tests/cli_runtime/test_deps.py::TestCliDeps::test_deps_add_broken_current_graph_fails_preflight_before_duplicate
[     0.3s] tests/cli_runtime/test_deps.py::TestCliDeps::test_deps_add_malformed_meta_json_returns_preflight_validate_failed_and_no_write
[     0.3s] tests/cli_runtime/test_deps.py::TestCliDeps::test_deps_add_invalid_depends_on_schema_returns_preflight_validate_failed_and_no_write
[     0.3s] tests/cli_runtime/test_deps.py::TestCliDeps::test_deps_remove_not_found_returns_edge_not_found_and_no_write
[     0.3s] tests/cli_runtime/test_deps.py::TestCliDeps::test_deps_remove_epic_direct_dependency_updates_meta_json_and_returns_updated
[     0.3s] tests/cli_runtime/test_deps.py::TestCliDeps::test_deps_remove_initiative_direct_dependency_updates_meta_json_and_returns_updated
[     0.3s] tests/cli_runtime/test_deps.py::TestCliDeps::test_deps_remove_unresolved_target_returns_edge_not_found_and_no_write
[     0.3s] tests/cli_runtime/test_deps.py::TestCliDeps::test_deps_invalid_target_does_not_run_post_sync_or_refresh_projection[add-invalid-target]
[     0.3s] tests/cli_runtime/test_deps.py::TestCliDeps::test_deps_invalid_target_does_not_run_post_sync_or_refresh_projection[remove-invalid-target]
[     0.3s] tests/cli_runtime/test_deps.py::TestCliDeps::test_deps_remove_unresolved_source_returns_edge_not_found_and_no_write
[     0.3s] tests/cli_runtime/test_deps.py::TestCliDeps::test_deps_remove_write_failure_returns_write_failed_and_no_write
[     0.3s] tests/cli_runtime/test_deps.py::TestCliDeps::test_deps_remove_broken_current_graph_fails_preflight_before_edge_not_found
[     0.3s] tests/cli_runtime/test_deps.py::TestCliDeps::test_deps_add_epic_direct_dependency_updates_meta_json_and_returns_updated
[     0.3s] tests/cli_runtime/test_deps.py::TestCliDeps::test_deps_add_empty_initiative_direct_dependency_updates_meta_json_and_returns_updated
[     0.3s] tests/cli_runtime/test_deps.py::TestCliDeps::test_deps_add_unresolved_target_returns_invalid_add_unresolved_and_no_write
[     0.3s] tests/cli_runtime/test_deps.py::TestCliDeps::test_deps_add_unresolved_source_returns_invalid_add_unresolved_and_no_write
[     0.3s] tests/cli_runtime/test_deps.py::TestCliDeps::test_deps_add_self_dependency_returns_invalid_add_self_dependency_and_no_write
[     0.3s] tests/cli_runtime/test_deps.py::TestCliDeps::test_deps_add_cycle_request_returns_invalid_add_cycle_and_no_write
[     0.3s] tests/cli_runtime/test_deps.py::TestCliDeps::test_deps_add_invalid_node_candidate_returns_invalid_add_cycle_and_no_write[self]
[     0.3s] tests/cli_runtime/test_deps.py::TestCliDeps::test_deps_add_invalid_node_candidate_returns_invalid_add_cycle_and_no_write[issue-to-parent]
[     0.3s] tests/cli_runtime/test_deps.py::TestCliDeps::test_deps_add_invalid_node_candidate_returns_invalid_add_cycle_and_no_write[parent-to-child]
[     0.3s] tests/cli_runtime/test_deps.py::TestCliDeps::test_deps_add_invalid_node_candidate_returns_invalid_add_cycle_and_no_write[epic-to-initiative]
[     0.3s] tests/cli_runtime/test_deps.py::TestCliDeps::test_deps_add_empty_epic_raw_cycle_returns_invalid_add_cycle_and_no_write
[     0.3s] tests/cli_runtime/test_deps.py::TestCliDeps::test_deps_add_candidate_compiled_cycle_returns_invalid_add_cycle_and_no_write
[     0.3s] tests/cli_runtime/test_deps.py::TestCliDeps::test_deps_add_missing_required_flag_returns_parser_error_exit_two_and_no_write
[     0.3s] tests/cli_runtime/test_distribution_cutover.py::test_s40b_provider_install_root_is_current_catalog_only
[     0.3s] tests/cli_runtime/test_distribution_cutover.py::test_s40b_retained_skill_identity_matches_issue359_final_source
[     0.3s] tests/cli_runtime/test_distribution_cutover.py::test_s40b_legacy_bootstrap_and_skill_apply_paths_are_retired
[     0.3s] tests/cli_runtime/test_distribution_cutover.py::test_s60_distribution_operations_share_an_exclusive_root_lock
[     0.3s] tests/cli_runtime/test_distribution_cutover.py::test_s60_locked_root_identity_blocks_rebind_before_fresh_admission
[     0.3s] tests/cli_runtime/test_distribution_cutover.py::test_s60_root_bound_operations_serialize_process_cwd_across_roots
[     0.3s] tests/cli_runtime/test_distribution_cutover.py::test_s35_cli_blocks_unknown_version_before_any_update_write
[     0.3s] tests/cli_runtime/test_distribution_cutover.py::test_s35_cli_rejects_dual_retry_markers_without_writes
[     0.3s] tests/cli_runtime/test_distribution_cutover.py::test_i369_legacy_fresh_marker_retry_uses_canonical_init_guidance
[     0.3s] tests/cli_runtime/test_distribution_cutover.py::test_i369_fresh_entrypoint_matrix_provisions_all_workspace_states[operation0-absent]
[     0.3s] tests/cli_runtime/test_distribution_cutover.py::test_i369_fresh_entrypoint_matrix_provisions_all_workspace_states[operation0-empty]
[     0.3s] tests/cli_runtime/test_distribution_cutover.py::test_i369_fresh_entrypoint_matrix_provisions_all_workspace_states[operation0-preserved]
[     0.3s] tests/cli_runtime/test_distribution_cutover.py::test_i369_fresh_entrypoint_matrix_provisions_all_workspace_states[operation1-absent]
[     0.3s] tests/cli_runtime/test_distribution_cutover.py::test_i369_fresh_entrypoint_matrix_provisions_all_workspace_states[operation1-empty]
[     0.3s] tests/cli_runtime/test_distribution_cutover.py::test_i369_fresh_entrypoint_matrix_provisions_all_workspace_states[operation1-preserved]
[     0.3s] tests/cli_runtime/test_distribution_cutover.py::test_i369_fresh_entrypoint_matrix_provisions_all_workspace_states[operation2-absent]
[     0.3s] tests/cli_runtime/test_distribution_cutover.py::test_i369_fresh_entrypoint_matrix_provisions_all_workspace_states[operation2-empty]
[     0.3s] tests/cli_runtime/test_distribution_cutover.py::test_i369_fresh_entrypoint_matrix_provisions_all_workspace_states[operation2-preserved]
[     0.3s] tests/cli_runtime/test_distribution_cutover.py::test_s40b_retained_ci_and_gitignore_are_deterministic_assets
[     0.3s] tests/cli_runtime/test_distribution_cutover.py::test_s40b_only_runtime_wrapper_is_executable_across_current_surfaces
[     0.3s] tests/cli_runtime/test_distribution_cutover.py::test_s40b_provider_scaffold_excludes_removed_docs_and_templates
[     0.3s] tests/cli_runtime/test_distribution_cutover.py::test_s40b_fresh_init_materializes_only_current_external_catalog
[     0.3s] tests/cli_runtime/test_distribution_cutover.py::test_s45_fresh_preserves_unrelated_and_obsolete_looking_external_paths
[     0.3s] tests/cli_runtime/test_distribution_cutover.py::test_s45_fresh_preserves_legacy_named_workflow_without_ownership_proof[file]
[     0.3s] tests/cli_runtime/test_distribution_cutover.py::test_s45_fresh_preserves_legacy_named_workflow_without_ownership_proof[symlink]
[     0.3s] tests/cli_runtime/test_distribution_cutover.py::test_s45_fresh_current_collision_blocks_before_any_write
[     0.3s] tests/cli_runtime/test_distribution_cutover.py::test_s45_fresh_rejects_existing_spec_dock_non_directory_without_writes
[     0.3s] tests/cli_runtime/test_distribution_cutover.py::test_s45_fresh_adopts_identical_current_assets_without_rewriting_them
[     0.3s] tests/cli_runtime/test_distribution_cutover.py::test_s45_fresh_preserves_same_bytes_wrong_mode_current_asset
[     0.3s] tests/cli_runtime/test_distribution_cutover.py::test_s45_fresh_preserves_same_bytes_wrong_mode_hard_link_current_asset
[     0.3s] tests/cli_runtime/test_distribution_cutover.py::test_s45_fresh_current_symlink_or_directory_collision_is_zero_write
[     0.3s] tests/cli_runtime/test_distribution_cutover.py::test_s45_scaffold_copy_rejects_file_symlink_race_without_external_write
[     0.3s] tests/cli_runtime/test_distribution_cutover.py::test_s45_make_executable_rejects_symlink_without_external_chmod
[     0.3s] tests/cli_runtime/test_distribution_cutover.py::test_s45_make_readonly_tree_rejects_symlink_without_external_chmod
[     0.3s] tests/cli_runtime/test_distribution_cutover.py::test_s45_fresh_rerun_through_force_converges
[     0.3s] tests/cli_runtime/test_distribution_cutover.py::test_s50_update_and_force_restore_missing_non_anchor_scaffold_directories
[     0.3s] tests/cli_runtime/test_distribution_cutover.py::test_s35_update_and_force_block_missing_runtime_anchor_without_writes
[     0.3s] tests/cli_runtime/test_distribution_cutover.py::test_s45_force_init_on_empty_target_uses_fresh_distribution
[     0.3s] tests/cli_runtime/test_distribution_cutover.py::test_s50_update_restores_missing_current_asset_and_preserves_user_data
[     0.3s] tests/cli_runtime/test_distribution_cutover.py::test_s50_update_preflights_all_scaffold_sources_before_distribution_write
[     0.3s] tests/cli_runtime/test_distribution_cutover.py::test_s50_update_blocks_unreadable_managed_scaffold_source_before_distribution_write
[     0.3s] tests/cli_runtime/test_distribution_cutover.py::test_s50_update_preflights_required_nested_runtime_before_distribution_write
[     0.3s] tests/cli_runtime/test_distribution_cutover.py::test_s50_update_preflights_required_nested_runtime_mode_before_distribution_write
[     0.3s] tests/cli_runtime/test_distribution_cutover.py::test_s50_force_init_restores_missing_current_asset_and_preserves_user_data
[     0.3s] tests/cli_runtime/test_distribution_cutover.py::test_s50_update_unknown_scaffold_gitignore_is_preserve_and_blocked
[     0.3s] tests/cli_runtime/test_distribution_cutover.py::test_s60_retry_rechecks_scaffold_gitignore_identity_before_write
[     0.3s] tests/cli_runtime/test_distribution_cutover.py::test_s60_marker_published_before_temporary_cleanup_failure_is_partial
[     0.3s] tests/cli_runtime/test_distribution_cutover.py::test_s60_fresh_marker_publication_recovers_after_write_and_cleanup_faults
[     0.3s] tests/cli_runtime/test_distribution_cutover.py::test_s60_fresh_pre_marker_rollback_preserves_replacement_workspace
[     0.3s] tests/cli_runtime/test_distribution_cutover.py::test_s50_update_unknown_current_collision_is_zero_write
[     0.3s] tests/cli_runtime/test_distribution_cutover.py::test_s50_force_init_unknown_current_collision_is_zero_write
[     0.3s] tests/cli_runtime/test_distribution_cutover.py::test_s50_force_init_directory_only_current_collision_is_zero_write
[     0.3s] tests/cli_runtime/test_distribution_cutover.py::test_s50_update_scaffold_boundary_collision_is_zero_write[symlink-docs]
[     0.3s] tests/cli_runtime/test_distribution_cutover.py::test_s50_update_scaffold_boundary_collision_is_zero_write[symlink-templates]
[     0.3s] tests/cli_runtime/test_distribution_cutover.py::test_s50_update_scaffold_boundary_collision_is_zero_write[symlink-scripts]
[     0.3s] tests/cli_runtime/test_distribution_cutover.py::test_s50_update_scaffold_boundary_collision_is_zero_write[symlink-system]
[     0.3s] tests/cli_runtime/test_distribution_cutover.py::test_s50_update_scaffold_boundary_collision_is_zero_write[non_directory-docs]
[     0.3s] tests/cli_runtime/test_distribution_cutover.py::test_s50_update_scaffold_boundary_collision_is_zero_write[non_directory-templates]
[     0.3s] tests/cli_runtime/test_distribution_cutover.py::test_s50_update_scaffold_boundary_collision_is_zero_write[non_directory-scripts]
[     0.3s] tests/cli_runtime/test_distribution_cutover.py::test_s50_update_scaffold_boundary_collision_is_zero_write[non_directory-system]
[     0.3s] tests/cli_runtime/test_distribution_cutover.py::test_s50_update_scaffold_exact_file_directory_collision_is_zero_write
[     0.3s] tests/cli_runtime/test_distribution_cutover.py::test_s55_update_prunes_proven_historical_managed_file
[     0.3s] tests/cli_runtime/test_distribution_cutover.py::test_s55_force_init_prunes_proven_historical_managed_file
[     0.3s] tests/cli_runtime/test_distribution_cutover.py::test_s55_update_preserves_modified_historical_managed_file_and_blocks
[     0.3s] tests/cli_runtime/test_distribution_cutover.py::test_s55_unproven_legacy_root_entrypoint_is_preserved_and_blocks_zero_write[spec-dock/current-initiative-symlink-update]
[     0.3s] tests/cli_runtime/test_distribution_cutover.py::test_s55_unproven_legacy_root_entrypoint_is_preserved_and_blocks_zero_write[spec-dock/current-initiative-symlink-init-force]
[     0.3s] tests/cli_runtime/test_distribution_cutover.py::test_s55_unproven_legacy_root_entrypoint_is_preserved_and_blocks_zero_write[spec-dock/current-epic-symlink-update]
[     0.3s] tests/cli_runtime/test_distribution_cutover.py::test_s55_unproven_legacy_root_entrypoint_is_preserved_and_blocks_zero_write[spec-dock/current-epic-symlink-init-force]
[     0.3s] tests/cli_runtime/test_distribution_cutover.py::test_s55_unproven_legacy_root_entrypoint_is_preserved_and_blocks_zero_write[spec-dock/current-issue-symlink-update]
[     0.3s] tests/cli_runtime/test_distribution_cutover.py::test_s55_unproven_legacy_root_entrypoint_is_preserved_and_blocks_zero_write[spec-dock/current-issue-symlink-init-force]
[     0.3s] tests/cli_runtime/test_distribution_cutover.py::test_s55_unproven_legacy_root_entrypoint_is_preserved_and_blocks_zero_write[spec-dock/current-initiative.path-regular-update]
[     0.3s] tests/cli_runtime/test_distribution_cutover.py::test_s55_unproven_legacy_root_entrypoint_is_preserved_and_blocks_zero_write[spec-dock/current-initiative.path-regular-init-force]
[     0.3s] tests/cli_runtime/test_distribution_cutover.py::test_s55_unproven_legacy_root_entrypoint_is_preserved_and_blocks_zero_write[spec-dock/current-epic.path-regular-update]
[     0.3s] tests/cli_runtime/test_distribution_cutover.py::test_s55_unproven_legacy_root_entrypoint_is_preserved_and_blocks_zero_write[spec-dock/current-epic.path-regular-init-force]
[     0.3s] tests/cli_runtime/test_distribution_cutover.py::test_s55_unproven_legacy_root_entrypoint_is_preserved_and_blocks_zero_write[spec-dock/current-issue.path-regular-update]
[     0.3s] tests/cli_runtime/test_distribution_cutover.py::test_s55_unproven_legacy_root_entrypoint_is_preserved_and_blocks_zero_write[spec-dock/current-issue.path-regular-init-force]
[     0.3s] tests/cli_runtime/test_distribution_cutover.py::test_s55_legacy_root_entrypoint_directory_collision_blocks_zero_write[spec-dock/current-initiative]
[     0.3s] tests/cli_runtime/test_distribution_cutover.py::test_s55_legacy_root_entrypoint_directory_collision_blocks_zero_write[spec-dock/current-epic]
[     0.3s] tests/cli_runtime/test_distribution_cutover.py::test_s55_legacy_root_entrypoint_directory_collision_blocks_zero_write[spec-dock/current-issue]
[     0.3s] tests/cli_runtime/test_distribution_cutover.py::test_s55_legacy_root_entrypoint_directory_collision_blocks_zero_write[spec-dock/current-initiative.path]
[     0.3s] tests/cli_runtime/test_distribution_cutover.py::test_s55_legacy_root_entrypoint_directory_collision_blocks_zero_write[spec-dock/current-epic.path]
[     0.3s] tests/cli_runtime/test_distribution_cutover.py::test_s55_legacy_root_entrypoint_directory_collision_blocks_zero_write[spec-dock/current-issue.path]
[     0.3s] tests/cli_runtime/test_distribution_cutover.py::test_s55_uninstall_preserves_unproven_legacy_root_entrypoint_and_blocks
[     0.3s] tests/cli_runtime/test_distribution_cutover.py::test_s55_update_prunes_known_legacy_and_preserves_node_local_data
[     0.3s] tests/cli_runtime/test_distribution_cutover.py::test_s55_update_rejects_manifest_overlap_with_preserved_specs_before_write
[     0.3s] tests/cli_runtime/test_distribution_cutover.py::test_s60_update_forward_retry_marker_is_removed_after_success
[     0.3s] tests/cli_runtime/test_distribution_cutover.py::test_s60_marker_removal_failure_reports_marker_finalization_target[fresh]
[     0.3s] tests/cli_runtime/test_distribution_cutover.py::test_i368_journal_removal_failure_is_forward_recoverable[update]
[     0.3s] tests/cli_runtime/test_distribution_cutover.py::test_i368_journal_removal_failure_is_forward_recoverable[init-force]
[     0.3s] tests/cli_runtime/test_distribution_cutover.py::test_s60_marker_removal_preserves_replacement_marker
[     0.3s] tests/cli_runtime/test_distribution_cutover.py::test_s60_distribution_retry_command_runs_for_special_explicit_target
[     0.3s] tests/cli_runtime/test_distribution_cutover.py::test_s60_atomic_regular_file_does_not_replace_racing_destination
[     0.3s] tests/cli_runtime/test_distribution_cutover.py::test_s60_atomic_regular_file_does_not_replace_racing_existing_destination
[     0.3s] tests/cli_runtime/test_distribution_cutover.py::test_s60_atomic_regular_file_rejects_parent_rebind_before_staging
[     0.3s] tests/cli_runtime/test_distribution_cutover.py::test_s60_active_pathfile_does_not_follow_dangling_symlink
[     0.3s] tests/cli_runtime/test_distribution_cutover.py::test_s60_atomic_retry_rejects_hard_link_replacement_before_truncate
[     0.3s] tests/cli_runtime/test_distribution_cutover.py::test_s60_atomic_root_workbench_seed_does_not_leave_partial_destination
[     0.3s] tests/cli_runtime/test_distribution_cutover.py::test_s60_root_rebind_during_marker_publication
[     0.3s] tests/cli_runtime/test_distribution_cutover.py::test_s60_root_rebind_during_scaffold_mutation
[     0.3s] tests/cli_runtime/test_distribution_cutover.py::test_i368_noop_update_does_not_publish_version_outside_the_plan
[     0.3s] tests/cli_runtime/test_distribution_cutover.py::test_s60_distribution_apply_fault_keeps_marker_and_old_version
[     0.3s] tests/cli_runtime/test_distribution_cutover.py::test_s60_current_materialize_fault_reports_applied_and_pending_paths
[     0.3s] tests/cli_runtime/test_distribution_cutover.py::test_s60_obsolete_prune_fault_reports_applied_and_pending_paths
[     0.3s] tests/cli_runtime/test_distribution_cutover.py::test_s60_fresh_init_forward_retry_reuses_marker_and_converges
[     0.3s] tests/cli_runtime/test_distribution_cutover.py::test_s60_fresh_retry_blocks_workbench_symlink_seed
[     0.3s] tests/cli_runtime/test_distribution_cutover.py::test_s60_fresh_retry_adopts_provider_identical_workbench_seed
[     0.3s] tests/cli_runtime/test_distribution_cutover.py::test_s60_fresh_retry_adopts_provider_identical_hard_link_workbench_seed
[     0.3s] tests/cli_runtime/test_distribution_cutover.py::test_s60_fresh_retry_blocks_modified_scaffold_collision_before_refresh
[     0.3s] tests/cli_runtime/test_distribution_cutover.py::test_s50_update_preserves_symlinked_root_workbench
[     0.3s] tests/cli_runtime/test_distribution_cutover.py::test_s60_fresh_root_workspace_creation_stays_on_held_root
[     0.3s] tests/cli_runtime/test_distribution_cutover.py::test_i368_recognized_update_stays_on_held_root_after_visible_rebind
[     0.3s] tests/cli_runtime/test_distribution_cutover.py::test_s60_scaffold_failure_keeps_marker_and_old_version_and_sanitizes_diagnostic
[     0.3s] tests/cli_runtime/test_distribution_cutover.py::test_s60_root_rebind_preserves_replacement_and_original_retry_marker
[     0.3s] tests/cli_runtime/test_distribution_cutover.py::test_s65_uninstall_root_rebind_before_marker_write_is_zero_write
[     0.3s] tests/cli_runtime/test_distribution_cutover.py::test_s65_uninstall_generated_root_type_collision_is_zero_write[spec-dock/active]
[     0.3s] tests/cli_runtime/test_distribution_cutover.py::test_s65_uninstall_generated_root_type_collision_is_zero_write[spec-dock/.agent]
[     0.3s] tests/cli_runtime/test_distribution_cutover.py::test_s70_uninstall_cleanup_rebind_keeps_replacement_untouched
[     0.3s] tests/cli_runtime/test_distribution_cutover.py::test_s70_uninstall_cleanup_rechecks_empty_directory_identity_before_rmdir
[     0.3s] tests/cli_runtime/test_distribution_cutover.py::test_s60_post_verify_failure_keeps_marker_until_forward_retry
[     0.3s] tests/cli_runtime/test_distribution_cutover.py::test_s65_uninstall_invalid_version_is_zero_write
[     0.3s] tests/cli_runtime/test_distribution_cutover.py::test_s65_uninstall_distribution_or_dual_marker_is_zero_write
[     0.3s] tests/cli_runtime/test_distribution_cutover.py::test_s65_uninstall_legacy_retry_marker_without_version_requires_manual_recovery_and_is_read_only
[     0.3s] tests/cli_runtime/test_distribution_cutover.py::test_s65_uninstall_dry_run_preserves_modified_current_skill
[     0.3s] tests/cli_runtime/test_distribution_cutover.py::test_s65_uninstall_dry_run_surfaces_known_obsolete_identity
[     0.3s] tests/cli_runtime/test_distribution_cutover.py::test_s70_uninstall_apply_preserves_unproven_legacy_scaffold_entry_and_blocks
[     0.3s] tests/cli_runtime/test_distribution_cutover.py::test_s70_uninstall_apply_preserves_modified_managed_scaffold_and_blocks
[     0.3s] tests/cli_runtime/test_distribution_cutover.py::test_s70_keep_specs_uninstall_allows_reinit_without_losing_history
[     0.3s] tests/cli_runtime/test_distribution_cutover.py::test_s70_empty_workspace_blocks_non_init_operations_without_writes[update-0]
[     0.3s] tests/cli_runtime/test_distribution_cutover.py::test_s70_empty_workspace_blocks_non_init_operations_without_writes[uninstall-0]
[     0.3s] tests/cli_runtime/test_distribution_cutover.py::test_s70_preserved_specs_workspace_blocks_update_without_writes
[     0.3s] tests/cli_runtime/test_distribution_cutover.py::test_s70_uninstall_apply_blocks_symlink_inside_managed_scaffold_before_marker
[     0.3s] tests/cli_runtime/test_distribution_cutover.py::test_s70_uninstall_apply_preserves_unknown_scaffold_entry_and_blocks
[     0.3s] tests/cli_runtime/test_distribution_cutover.py::test_s60_retry_marker_phase_allowlist_rejects_unknown_phase_without_writes
[     0.3s] tests/cli_runtime/test_distribution_cutover.py::test_s70_uninstall_apply_blocks_modified_current_before_marker_or_removal
[     0.3s] tests/cli_runtime/test_distribution_cutover.py::test_s70_uninstall_apply_rejects_rewritten_target_after_plan
[     0.3s] tests/cli_runtime/test_distribution_cutover.py::test_s70_uninstall_apply_rejects_same_target_symlink_replacement_after_plan
[     0.3s] tests/cli_runtime/test_distribution_cutover.py::test_s70_uninstall_apply_blocks_generated_hard_link_before_marker_write
[     0.3s] tests/cli_runtime/test_distribution_cutover.py::test_s70_uninstall_apply_blocks_hard_linked_generated_symlink_before_marker_write
[     0.3s] tests/cli_runtime/test_distribution_cutover.py::test_s70_uninstall_apply_blocks_agent_symlink_before_marker_write
[     0.3s] tests/cli_runtime/test_distribution_cutover.py::test_s70_uninstall_remove_specs_blocks_unsafe_descendant_before_marker_write
[     0.3s] tests/cli_runtime/test_distribution_cutover.py::test_s70_uninstall_apply_does_not_recreate_vanished_specdock_parent
[     0.3s] tests/cli_runtime/test_distribution_cutover.py::test_s50_update_rejects_managed_directory_replacement_after_preflight
[     0.3s] tests/cli_runtime/test_distribution_cutover.py::test_s50_update_rejects_managed_directory_replacement_after_descriptor_open
[     0.3s] tests/cli_runtime/test_distribution_cutover.py::test_s70_uninstall_apply_blocks_mixed_known_obsolete_and_unknown_before_mutation
[     0.3s] tests/cli_runtime/test_distribution_cutover.py::test_s70_uninstall_marker_is_removed_last_after_success
[     0.3s] tests/cli_runtime/test_distribution_cutover.py::test_s70_uninstall_does_not_run_fallible_workspace_cleanup_after_marker_finalization
[     0.3s] tests/cli_runtime/test_distribution_cutover.py::test_s70_uninstall_marker_survives_partial_failure_and_is_removed_on_retry
[     0.3s] tests/cli_runtime/test_distribution_cutover.py::test_s70_uninstall_partial_failure_json_maps_typed_safe_result
[     0.3s] tests/cli_runtime/test_distribution_cutover.py::test_s70_uninstall_partial_failure_text_shows_recovery_contract
[     0.3s] tests/cli_runtime/test_distribution_cutover.py::test_s70_uninstall_retry_command_runs_for_special_explicit_target
[     0.3s] tests/cli_runtime/test_distribution_cutover.py::test_s70_uninstall_marker_write_failure_is_retryable
[     0.3s] tests/cli_runtime/test_distribution_cutover.py::test_s70_uninstall_existing_partial_marker_is_rejected_before_reuse
[     0.3s] tests/cli_runtime/test_distribution_cutover.py::test_s70_uninstall_keep_and_remove_specs_preserve_boundary
[     0.3s] tests/cli_runtime/test_distribution_cutover.py::test_s70_uninstall_empty_boundary_allows_fresh_reinit_and_blocks_markerless_rerun
[     0.3s] tests/cli_runtime/test_distribution_cutover.py::test_s70_uninstall_remove_specs_cleans_nested_generated_directories
[     0.3s] tests/cli_runtime/test_distribution_cutover.py::test_s70_uninstall_does_not_cleanup_empty_preserved_or_unknown_directories
[     0.3s] tests/cli_runtime/test_distribution_cutover.py::test_i370_uninstall_routes_default_and_keep_only_to_deprovision_service
[     0.3s] tests/cli_runtime/test_distribution_cutover.py::test_i370_cutover_ast_has_one_deprovision_owner_and_isolated_remove_compatibility
[     0.3s] tests/cli_runtime/test_distribution_cutover.py::test_i370_typed_uninstall_mapper_preserves_schema_status_and_retry_contract
[     0.3s] tests/cli_runtime/test_distribution_cutover.py::test_i370_typed_uninstall_mapper_allowlists_operation_and_action_errors
[     0.3s] tests/cli_runtime/test_distribution_cutover.py::test_i370_uninstall_non_directory_target_error_is_stable_and_path_free[json-missing-missing-target-False]
[     0.3s] tests/cli_runtime/test_distribution_cutover.py::test_i370_uninstall_non_directory_target_error_is_stable_and_path_free[json-file-file-target.txt-True]
[     0.3s] tests/cli_runtime/test_distribution_cutover.py::test_i370_uninstall_non_directory_target_error_is_stable_and_path_free[json-leading-hyphen--leading-target-False]
[     0.3s] tests/cli_runtime/test_distribution_cutover.py::test_i370_uninstall_non_directory_target_error_is_stable_and_path_free[json-space-space target-False]
[     0.3s] tests/cli_runtime/test_distribution_cutover.py::test_i370_uninstall_non_directory_target_error_is_stable_and_path_free[text-missing-missing-target-False]
[     0.3s] tests/cli_runtime/test_distribution_cutover.py::test_i370_uninstall_non_directory_target_error_is_stable_and_path_free[text-file-file-target.txt-True]
[     0.3s] tests/cli_runtime/test_distribution_cutover.py::test_i370_uninstall_non_directory_target_error_is_stable_and_path_free[text-leading-hyphen--leading-target-False]
[     0.3s] tests/cli_runtime/test_distribution_cutover.py::test_i370_uninstall_non_directory_target_error_is_stable_and_path_free[text-space-space target-False]
[     0.3s] tests/cli_runtime/test_distribution_cutover.py::test_i370_uninstall_text_uses_typed_payload_section_order
[     0.3s] tests/cli_runtime/test_doctor.py::TestDoctorHistoricalConsumerInvariance::test_validate_and_doctor_legacy_evidence_mutation_invariance[thin_report]
[     0.3s] tests/cli_runtime/test_doctor.py::TestDoctorHistoricalConsumerInvariance::test_validate_and_doctor_legacy_evidence_mutation_invariance[heavy_report]
[     0.3s] tests/cli_runtime/test_doctor.py::TestDoctorHistoricalConsumerInvariance::test_validate_and_doctor_legacy_evidence_mutation_invariance[evidence_adoption_ledger]
[     0.3s] tests/cli_runtime/test_doctor.py::TestDoctorHistoricalConsumerInvariance::test_validate_and_doctor_legacy_evidence_mutation_invariance[delegated_authority]
[     0.3s] tests/cli_runtime/test_doctor.py::TestDoctorHistoricalConsumerInvariance::test_validate_and_doctor_legacy_evidence_mutation_invariance[assurance]
[     0.3s] tests/cli_runtime/test_doctor.py::TestDoctorHistoricalConsumerInvariance::test_validate_and_doctor_legacy_evidence_mutation_invariance[planning_level]
[     0.3s] tests/cli_runtime/test_doctor.py::TestDoctorHistoricalConsumerInvariance::test_validate_and_doctor_legacy_evidence_mutation_invariance[legacy_active_extra_fields]
[     0.3s] tests/cli_runtime/test_doctor.py::TestDoctorHistoricalConsumerInvariance::test_validate_and_doctor_legacy_evidence_mutation_invariance[draft_artifact]
[     0.3s] tests/cli_runtime/test_doctor.py::TestDoctorHistoricalConsumerInvariance::test_validate_and_doctor_legacy_evidence_mutation_invariance[repair_artifact]
[     0.3s] tests/cli_runtime/test_doctor.py::TestDoctorHistoricalConsumerInvariance::test_validate_and_doctor_invariance_negative_control_keeps_required_path_gate
[     0.3s] tests/cli_runtime/test_import.py::TestCliImport::test_import_aborts_without_local_changes_when_gh_issue_view_fails
[     0.3s] tests/cli_runtime/test_import.py::TestCliImport::test_import_fails_preflight_on_legacy_meta_without_creating_nodes
[     0.3s] tests/cli_runtime/test_import.py::TestCliImport::test_import_initiative_creates_node_and_runs_sync_without_updating_active
[     0.3s] tests/cli_runtime/test_import.py::TestCliImport::test_import_epic_and_initiative_create_nodes
[     0.3s] tests/cli_runtime/test_import.py::TestCliImport::test_import_issue_creates_node_and_runs_sync_without_updating_active
[     0.3s] tests/cli_runtime/test_import.py::TestCliImport::test_import_accepts_number_hash_and_url_equivalently[123]
[     0.3s] tests/cli_runtime/test_import.py::TestCliImport::test_import_accepts_number_hash_and_url_equivalently[#123]
[     0.3s] tests/cli_runtime/test_import.py::TestCliImport::test_import_accepts_number_hash_and_url_equivalently[https://github.com/example/repo/issues/123]
[     0.3s] tests/cli_runtime/test_import.py::TestCliImport::test_import_rejects_foreign_repo_url_without_opt_in
[     0.3s] tests/cli_runtime/test_import.py::TestCliImport::test_import_rejects_foreign_repo_url_even_with_opt_in
[     0.3s] tests/cli_runtime/test_import.py::TestCliImport::test_import_rejects_non_canonical_url_like_target
[     0.3s] tests/cli_runtime/test_import.py::TestCliImport::test_import_url_rejects_when_origin_is_not_configured
[     0.3s] tests/cli_runtime/test_import.py::TestCliImport::test_import_url_rejects_when_origin_is_not_github
[     0.3s] tests/cli_runtime/test_import.py::TestCliImport::test_import_accepts_canonical_url_when_origin_is_ssh_remote
[     0.3s] tests/cli_runtime/test_import.py::TestCliImport::test_import_accepts_canonical_url_when_origin_is_credentialed_https_remote
[     0.3s] tests/cli_runtime/test_import.py::TestCliImport::test_import_issue_uses_active_epic_when_parent_not_specified
[     0.3s] tests/cli_runtime/test_import.py::TestCliImport::test_import_epic_uses_active_initiative_when_parent_not_specified
[     0.3s] tests/cli_runtime/test_import.py::TestCliImport::test_import_issue_requires_parent_when_no_epic_and_active_unavailable
[     0.3s] tests/cli_runtime/test_import.py::TestCliImport::test_import_parent_fallback_errors_on_stale_active
[     0.3s] tests/cli_runtime/test_import.py::TestCliImport::test_import_rejects_invalid_or_wrong_type_parent_id
[     0.3s] tests/cli_runtime/test_import.py::TestCliImport::test_import_rejects_already_linked_github_issue_number
[     0.3s] tests/cli_runtime/test_import.py::TestCliImport::test_import_rejects_same_repo_url_duplicate_when_existing_link_omits_repo_fields
[     0.3s] tests/cli_runtime/test_import.py::TestCliImport::test_import_persists_current_repo_scope_when_origin_is_resolved
[     0.3s] tests/cli_runtime/test_import.py::TestCliImport::test_import_rejects_same_issue_number_between_unscoped_and_foreign_when_current_repo_unknown
[     0.3s] tests/cli_runtime/test_import.py::TestCliImport::test_import_rejects_foreign_repo_when_current_repo_unknown_without_writes
[     0.3s] tests/cli_runtime/test_import.py::TestCliImport::test_import_numeric_target_rejects_when_current_repo_unknown_without_writes
[     0.3s] tests/cli_runtime/test_import.py::TestCliImport::test_import_rejects_foreign_repo_when_current_repo_is_resolved
[     0.3s] tests/cli_runtime/test_import.py::TestCliImport::test_import_rejects_foreign_repo_duplicate_attempts_without_writes
[     0.3s] tests/cli_runtime/test_import.py::TestCliImport::test_import_rejects_invalid_slug_and_invalid_title
[     0.3s] tests/cli_runtime/test_import.py::TestCliImport::test_import_rejects_invalid_title_before_gh_issue_view
[     0.3s] tests/cli_runtime/test_import.py::TestCliImport::test_import_fails_when_sync_preflight_fails
[     0.3s] tests/cli_runtime/test_import.py::TestCliImport::test_import_fails_preflight_on_partial_scope_linkage_before_duplicate_or_gh_view
[     0.3s] tests/cli_runtime/test_import.py::TestCliImport::test_import_fails_preflight_when_required_artifact_is_missing_without_creating_node
[     0.3s] tests/cli_runtime/test_import.py::TestCliImport::test_import_rejects_ambiguous_parent_id_shorthand_when_both_local_and_github_exist
[     0.3s] tests/cli_runtime/test_import.py::TestCliImport::test_import_aborts_without_local_changes_when_gh_issue_view_returns_non_json
[     0.3s] tests/cli_runtime/test_import.py::TestCliImport::test_import_does_not_migrate_legacy_active_manifest
[     0.3s] tests/cli_runtime/test_issue_lifecycle.py::TestIssueLifecycleApplication::test_issue_start_orders_guard_deps_checkout_active_write_and_sync_once
[     0.3s] tests/cli_runtime/test_issue_lifecycle.py::TestIssueLifecycleApplication::test_issue_start_checkout_failure_does_not_write_active_or_sync
[     0.3s] tests/cli_runtime/test_issue_lifecycle.py::TestIssueLifecycleApplication::test_issue_start_active_write_failure_reports_branch_side_effect_and_skips_sync
[     0.3s] tests/cli_runtime/test_issue_lifecycle.py::TestIssueLifecycleApplication::test_issue_finish_orders_close_clear_sync_and_returns_phase_state
[     0.3s] tests/cli_runtime/test_issue_lifecycle.py::TestIssueLifecycleApplication::test_issue_finish_close_failure_preserves_active_and_reports_retry
[     0.3s] tests/cli_runtime/test_issue_lifecycle.py::TestIssueLifecycleApplication::test_issue_finish_clear_failure_reports_confirmed_partial_state_and_skips_sync
[     0.3s] tests/cli_runtime/test_issue_lifecycle.py::TestIssueLifecycleApplication::test_issue_finish_sync_failure_returns_closed_cleared_stale_result
[     0.3s] tests/cli_runtime/test_issue_lifecycle.py::TestIssueLifecycleApplication::test_issue_finish_does_not_read_quality_evidence
[     0.3s] tests/cli_runtime/test_issue_lifecycle.py::TestCliIssueLifecycle::test_issue_start_sets_active_and_checks_out_issue_branch
[     0.3s] tests/cli_runtime/test_issue_lifecycle.py::TestCliIssueLifecycle::test_issue_start_rejects_non_issue_node
[     0.3s] tests/cli_runtime/test_issue_lifecycle.py::TestCliIssueLifecycle::test_issue_start_force_cannot_bypass_invalid_target_for_any_selector
[     0.3s] tests/cli_runtime/test_issue_lifecycle.py::TestCliIssueLifecycle::test_issue_start_blocks_different_open_issue_from_active_issue_branch
[     0.3s] tests/cli_runtime/test_issue_lifecycle.py::TestCliIssueLifecycle::test_direct_active_set_checkout_is_parser_error_without_writes
[     0.3s] tests/cli_runtime/test_issue_lifecycle.py::TestCliIssueLifecycle::test_issue_start_allows_different_issue_from_closed_active_issue_branch
[     0.3s] tests/cli_runtime/test_issue_lifecycle.py::TestCliIssueLifecycle::test_issue_start_blocks_when_active_issue_github_state_unknown
[     0.3s] tests/cli_runtime/test_issue_lifecycle.py::TestCliIssueLifecycle::test_issue_start_force_bypasses_unknown_active_guard_when_dependencies_are_ready
[     0.3s] tests/cli_runtime/test_issue_lifecycle.py::TestCliIssueLifecycle::test_issue_start_blocks_when_active_issue_has_no_github_link
[     0.3s] tests/cli_runtime/test_issue_lifecycle.py::TestCliIssueLifecycle::test_issue_start_force_bypasses_only_lifecycle_guard_not_dependency_guard
[     0.3s] tests/cli_runtime/test_issue_lifecycle.py::TestCliIssueLifecycle::test_issue_start_force_does_not_bypass_node_level_dependency_guard
[     0.3s] tests/cli_runtime/test_issue_lifecycle.py::TestCliIssueLifecycle::test_issue_start_rejects_legacy_force_short_options
[     0.3s] tests/cli_runtime/test_issue_lifecycle.py::TestCliIssueLifecycle::test_issue_start_force_switches_when_dependency_ready_and_warns
[     0.3s] tests/cli_runtime/test_issue_lifecycle.py::TestCliIssueLifecycle::test_issue_start_from_main_still_blocks_different_open_active_but_same_issue_restarts
[     0.3s] tests/cli_runtime/test_issue_lifecycle.py::TestCliIssueLifecycle::test_issue_start_from_non_issue_branch_blocks_switching_open_active_issue
[     0.3s] tests/cli_runtime/test_issue_lifecycle.py::TestCliIssueLifecycle::test_issue_start_from_detached_head_blocks_switching_open_active_issue
[     0.3s] tests/cli_runtime/test_issue_lifecycle.py::TestCliIssueLifecycle::test_issue_finish_after_issue_start_then_finish_closes_open_issue_and_clears_active
[     0.3s] tests/cli_runtime/test_issue_lifecycle.py::TestCliIssueLifecycle::test_core_operations_legacy_evidence_mutation_invariance[thin_report]
[     0.3s] tests/cli_runtime/test_issue_lifecycle.py::TestCliIssueLifecycle::test_core_operations_legacy_evidence_mutation_invariance[heavy_report]
[     0.3s] tests/cli_runtime/test_issue_lifecycle.py::TestCliIssueLifecycle::test_core_operations_legacy_evidence_mutation_invariance[evidence_adoption_ledger]
[     0.3s] tests/cli_runtime/test_issue_lifecycle.py::TestCliIssueLifecycle::test_core_operations_legacy_evidence_mutation_invariance[delegated_authority]
[     0.3s] tests/cli_runtime/test_issue_lifecycle.py::TestCliIssueLifecycle::test_core_operations_legacy_evidence_mutation_invariance[assurance]
[     0.3s] tests/cli_runtime/test_issue_lifecycle.py::TestCliIssueLifecycle::test_core_operations_legacy_evidence_mutation_invariance[planning_level]
[     0.3s] tests/cli_runtime/test_issue_lifecycle.py::TestCliIssueLifecycle::test_core_operations_legacy_evidence_mutation_invariance[legacy_active_extra_fields]
[     0.3s] tests/cli_runtime/test_issue_lifecycle.py::TestCliIssueLifecycle::test_core_operations_legacy_evidence_mutation_invariance[draft_artifact]
[     0.3s] tests/cli_runtime/test_issue_lifecycle.py::TestCliIssueLifecycle::test_core_operations_legacy_evidence_mutation_invariance[repair_artifact]
[     0.3s] tests/cli_runtime/test_issue_lifecycle.py::TestCliIssueLifecycle::test_issue_finish_closes_open_issue_and_clears_active
[     0.3s] tests/cli_runtime/test_issue_lifecycle.py::TestCliIssueLifecycle::test_issue_finish_ignores_heavy_report_and_assurance
[     0.3s] tests/cli_runtime/test_issue_lifecycle.py::TestCliIssueLifecycle::test_issue_finish_already_closed_clears_active
[     0.3s] tests/cli_runtime/test_issue_lifecycle.py::TestCliIssueLifecycle::test_issue_finish_failures_leave_active_unchanged
[     0.3s] tests/cli_runtime/test_new.py::TestCliNew::test_new_issue_creates_thin_design_and_plan_templates_without_assurance_contract
[     0.3s] tests/cli_runtime/test_new.py::TestCliNew::test_new_initiative_auto_syncs_index_and_dashboard
[     0.3s] tests/cli_runtime/test_new.py::TestCliNew::test_new_epic_auto_syncs_index_and_dashboard
[     0.3s] tests/cli_runtime/test_new.py::TestCliNew::test_new_issue_auto_syncs_index_and_dashboard
[     0.3s] tests/cli_runtime/test_new.py::TestCliNew::test_new_issue_auto_sync_preserves_local_only_projection
[     0.3s] tests/cli_runtime/test_new.py::TestCliNew::test_new_failure_paths_do_not_run_post_sync_or_refresh_artifacts
[     0.3s] tests/cli_runtime/test_new.py::TestCliNew::test_new_node_id_option_is_parser_error
[     0.3s] tests/cli_runtime/test_new.py::TestCliNew::test_new_rejects_duplicate_id_width_agnostic
[     0.3s] tests/cli_runtime/test_new.py::TestCliNew::test_new_rejects_duplicate_github_issue_link_with_conflict_paths
[     0.3s] tests/cli_runtime/test_new.py::TestCliNew::test_new_issue_persists_current_repo_scope_when_origin_is_resolved
[     0.3s] tests/cli_runtime/test_new.py::TestCliNew::test_new_rejects_unsafe_slug
[     0.3s] tests/cli_runtime/test_new.py::TestCliNew::test_new_rejects_uppercase_slug
[     0.3s] tests/cli_runtime/test_new.py::TestCliNew::test_new_derives_kebab_slug_from_title
[     0.3s] tests/cli_runtime/test_new.py::TestCliNew::test_new_rejects_invalid_slug_before_gh_issue_create
[     0.3s] tests/cli_runtime/test_new.py::TestCliNew::test_new_missing_rules_source_fails_before_gh_issue_create
[     0.3s] tests/cli_runtime/test_new.py::TestCliNew::test_new_nodes_create_rules_symlinks_without_wrappers
[     0.3s] tests/cli_runtime/test_new.py::TestCliNew::test_new_artifact_blank_issue_omits_blank_token_and_uses_artifacts_dir
[     0.3s] tests/cli_runtime/test_new.py::TestCliNew::test_new_artifact_typed_epic_success_and_scope_shorthand
[     0.3s] tests/cli_runtime/test_new.py::TestCliNew::test_new_artifact_full_direct_catalog_success
[     0.3s] tests/cli_runtime/test_new.py::TestCliNew::test_issue_359_grill_route_creates_exactly_one_artifact_without_scope_mutation[research-template: "research"-authority: "evidence"-## Question\n\n- Final question\n\n## Source\n\n- Final source\n\n## Findings\n\n- Final finding\n\n## Reflection\n\n- Final reflection\n]
[     0.3s] tests/cli_runtime/test_new.py::TestCliNew::test_issue_359_grill_route_creates_exactly_one_artifact_without_scope_mutation[interview-template: "interview"-authority: "evidence"-## Question\n\n- Final question\n\n## Answer\n\n- Final answer\n\n## Reflection\n\n- Final reflection\n]
[     0.3s] tests/cli_runtime/test_new.py::TestCliNew::test_issue_359_grill_route_creates_exactly_one_artifact_without_scope_mutation[disc-template: "disc"-authority: "evidence"-## Inputs\n\n- Final input\n\n## Synthesis\n\n- Final synthesis\n\n## Options and trade-offs\n\n- Final option\n\n## Reflection\n\n- Final reflection\n]
[     0.3s] tests/cli_runtime/test_new.py::TestCliNew::test_issue_359_grill_route_creates_exactly_one_artifact_without_scope_mutation[decision-candidate-template: "decision-candidate"-authority: "draft"-## Context\n\n- Final context\n\n## Options\n\n- Final option\n\n## Candidate\n\n- Final candidate\n\n## Reflection\n\n- Final reflection\n]
[     0.3s] tests/cli_runtime/test_new.py::TestCliNew::test_issue_359_artifact_input_failures_are_zero_write[artifact_args0]
[     0.3s] tests/cli_runtime/test_new.py::TestCliNew::test_issue_359_artifact_input_failures_are_zero_write[artifact_args1]
[     0.3s] tests/cli_runtime/test_new.py::TestCliNew::test_issue_359_artifact_input_failures_are_zero_write[artifact_args2]
[     0.3s] tests/cli_runtime/test_new.py::TestCliNew::test_new_artifact_unsupported_types_fail_no_write
[     0.3s] tests/cli_runtime/test_new.py::TestCliNew::test_new_artifact_rejects_scope_mismatch_and_unsafe_filesystem_no_write
[     0.3s] tests/cli_runtime/test_new.py::TestCliNew::test_new_artifact_stdout_uses_slugless_id_and_artifacts_path
[     0.3s] tests/cli_runtime/test_new.py::TestCliNew::test_new_artifact_malformed_artifact_candidates_block_but_discussions_do_not
[     0.3s] tests/cli_runtime/test_new.py::TestCliNew::test_new_artifact_preserves_grandfathered_legacy_artifact_basenames
[     0.3s] tests/cli_runtime/test_new.py::TestCliNew::test_new_artifact_old_node_setup_preserves_discussions
[     0.3s] tests/cli_runtime/test_new.py::TestCliNew::test_new_artifact_rejects_invalid_slug_before_setup
[     0.3s] tests/cli_runtime/test_new.py::TestCliNew::test_new_artifact_blank_rejects_ambiguous_supported_type_slug_before_setup
[     0.3s] tests/cli_runtime/test_new.py::TestCliNew::test_new_artifact_rejects_unexpected_sequence_override_option
[     0.3s] tests/cli_runtime/test_new.py::TestCliNew::test_new_help_exposes_artifact_and_removes_doc_entrypoint
[     0.3s] tests/cli_runtime/test_new.py::TestCliNew::test_new_node_help_does_not_expose_local_creation_options
[     0.3s] tests/cli_runtime/test_new.py::TestCliNew::test_internal_issue_status_resolution_marks_cached_source
[     0.3s] tests/cli_runtime/test_new.py::TestCliNew::test_new_artifact_rejects_unknown_type
[     0.3s] tests/cli_runtime/test_new.py::TestCliNew::test_new_nodes_generate_only_workbench_readmes
[     0.3s] tests/cli_runtime/test_new.py::TestCliNew::test_workbench_no_backfill_preserves_existing_scopes_across_all_triggers
[     0.3s] tests/cli_runtime/test_new.py::TestCliNew::test_new_no_github_is_parser_error_and_does_not_invoke_gh
[     0.3s] tests/cli_runtime/test_new.py::TestCliNew::test_new_no_github_is_parser_error_for_initiative_epic_and_issue
[     0.3s] tests/cli_runtime/test_new.py::TestCliNew::test_new_rejects_invalid_title_before_gh_issue_create
[     0.3s] tests/cli_runtime/test_new.py::TestCliNew::test_new_initiative_and_epic_default_to_github_create_when_gh_is_available
[     0.3s] tests/cli_runtime/test_new.py::TestCliNew::test_new_initiative_warns_and_continues_when_readonly_lock_fails
[     0.3s] tests/cli_runtime/test_new.py::TestCliNew::test_new_github_flags_are_mutually_exclusive
[     0.3s] tests/cli_runtime/test_new.py::TestCliNew::test_new_issue_create_github_issue_flag_alias_is_accepted
[     0.3s] tests/cli_runtime/test_new.py::TestCliNew::test_new_issue_can_create_github_issue_and_use_its_number
[     0.3s] tests/cli_runtime/test_new.py::TestCliNew::test_new_fails_preflight_on_legacy_meta_without_creating_nodes
[     0.3s] tests/cli_runtime/test_post_mutation_sync_s01.py::TestPostMutationSyncS01::test_tc_s01_001_success_outcome_preserves_sync_result
[     0.3s] tests/cli_runtime/test_post_mutation_sync_s01.py::TestPostMutationSyncS01::test_tc_s01_002_exception_outcome_does_not_erase_mutation_success
[     0.3s] tests/cli_runtime/test_post_mutation_sync_s01.py::TestPostMutationSyncS01::test_tc_s01_003_artifact_failure_is_failed_and_guided
[     0.3s] tests/cli_runtime/test_post_mutation_sync_s01.py::TestPostMutationSyncS01::test_tc_s01_004_gh_fetch_failed_warning_is_failed
[     0.3s] tests/cli_runtime/test_post_mutation_sync_s01.py::TestPostMutationSyncS01::test_tc_s01_005_gh_index_incomplete_warning_is_non_fatal
[     0.3s] tests/cli_runtime/test_post_mutation_sync_s01.py::TestPostMutationSyncS01::test_tc_s01_006_request_policy_uses_github_no_branch_update_and_no_migrate
[     0.3s] tests/cli_runtime/test_post_mutation_sync_s01.py::TestPostMutationSyncS01::test_tc_s01_007_helper_has_no_side_effect_until_explicit_success_call
[     0.3s] tests/cli_runtime/test_post_mutation_sync_s01.py::TestPostMutationSyncS01::test_tc_s01_008_skip_outcome_is_successful_without_guidance
[     0.3s] tests/cli_runtime/test_runtime_active_s05.py::TestRuntimeActiveS05::test_render_context_pack_states_entry_default_and_escalation_contract
[     0.3s] tests/cli_runtime/test_runtime_active_s05.py::TestRuntimeActiveS05::test_context_pack_marks_proposed_active_artifact_non_authoritative
[     0.3s] tests/cli_runtime/test_runtime_active_s05.py::TestRuntimeActiveS05::test_context_pack_blocks_authoritative_input_when_scope_report_has_unresolved_eal
[     0.3s] tests/cli_runtime/test_runtime_active_s05.py::TestRuntimeActiveS05::test_sync_auto_update_from_branch_writes_authority_context_pack
[     0.3s] tests/cli_runtime/test_runtime_active_s05.py::TestRuntimeActiveS05::test_show_active_reads_agent_manifest_into_active_view_result
[     0.3s] tests/cli_runtime/test_runtime_active_s05.py::TestRuntimeActiveS05::test_load_active_manifest_legacy_priority_and_no_write_back
[     0.3s] tests/cli_runtime/test_runtime_active_s05.py::TestRuntimeActiveS05::test_load_active_manifest_all_null_agent_manifest_is_valid_and_no_legacy_fallback
[     0.3s] tests/cli_runtime/test_runtime_active_s05.py::TestRuntimeActiveS05::test_legacy_absolute_agent_manifest_is_readable_and_not_rewritten
[     0.3s] tests/cli_runtime/test_runtime_active_s05.py::TestRuntimeActiveS05::test_legacy_absolute_agent_manifest_path_remaps_to_current_repo_when_possible
[     0.3s] tests/cli_runtime/test_runtime_active_s05.py::TestRuntimeActiveS05::test_legacy_absolute_agent_manifest_prefers_trailing_specdock_segment
[     0.3s] tests/cli_runtime/test_runtime_active_s05.py::TestRuntimeActiveS05::test_legacy_absolute_agent_manifest_outside_repo_falls_back_to_placeholder
[     0.3s] tests/cli_runtime/test_runtime_active_s05.py::TestRuntimeActiveS05::test_render_active_show_text_regression
[     0.3s] tests/cli_runtime/test_runtime_active_s05.py::TestRuntimeActiveS05::test_active_show_main_uses_use_case_and_returns_zero
[     0.3s] tests/cli_runtime/test_runtime_active_s06.py::TestRuntimeActiveS06::test_set_active_blocked_without_force_fails_before_snapshot
[     0.3s] tests/cli_runtime/test_runtime_active_s06.py::TestRuntimeActiveS06::test_set_active_non_issue_local_only_without_blockers_is_ready
[     0.3s] tests/cli_runtime/test_runtime_active_s06.py::TestRuntimeActiveS06::test_set_active_force_commits_and_order_is_authoritative
[     0.3s] tests/cli_runtime/test_runtime_active_s06.py::TestRuntimeActiveS06::test_set_active_absorbs_github_issue_index_failure_as_warning
[     0.3s] tests/cli_runtime/test_runtime_active_s06.py::TestRuntimeActiveS06::test_set_active_github_resolves_current_unscoped_issue_with_current_repo_slug
[     0.3s] tests/cli_runtime/test_runtime_active_s06.py::TestRuntimeActiveS06::test_set_active_skips_same_repo_repo_scoped_view_fetch_when_index_contains_key
[     0.3s] tests/cli_runtime/test_runtime_active_s06.py::TestRuntimeActiveS06::test_set_active_falls_back_to_same_repo_repo_scoped_view_when_index_missing_key
[     0.3s] tests/cli_runtime/test_runtime_active_s06.py::TestRuntimeActiveS06::test_set_active_falls_back_to_current_repo_view_for_unscoped_linked_initiative_when_index_missing_key
[     0.3s] tests/cli_runtime/test_runtime_active_s06.py::TestRuntimeActiveS06::test_set_active_github_prefers_foreign_snapshot_under_same_number_collision
[     0.3s] tests/cli_runtime/test_runtime_active_s06.py::TestRuntimeActiveS06::test_sync_branch_inference_propagates_current_repo_slug
[     0.3s] tests/cli_runtime/test_runtime_active_s06.py::TestRuntimeActiveS06::test_set_active_checkout_pre_step7_failure_has_no_rollback
[     0.3s] tests/cli_runtime/test_runtime_active_s06.py::TestRuntimeActiveS06::test_set_active_patch_failure_rolls_back
[     0.3s] tests/cli_runtime/test_runtime_active_s06.py::TestRuntimeActiveS06::test_clear_active_uses_patch_manifest_none
[     0.3s] tests/cli_runtime/test_runtime_close_s12.py::TestRuntimeCloseS12::test_close_node_fails_when_target_has_no_linked_github_issue
[     0.3s] tests/cli_runtime/test_runtime_close_s12.py::TestRuntimeCloseS12::test_close_node_allows_explicit_issue_target_when_authority_is_proposed
[     0.3s] tests/cli_runtime/test_runtime_close_s12.py::TestRuntimeCloseS12::test_close_node_allows_explicit_issue_target_when_promotion_record_is_stale
[     0.3s] tests/cli_runtime/test_runtime_close_s12.py::TestRuntimeCloseS12::test_close_node_allows_explicit_issue_target_when_target_is_not_active
[     0.3s] tests/cli_runtime/test_runtime_close_s12.py::TestRuntimeCloseS12::test_close_node_gh_failure_leaves_local_tree_unchanged
[     0.3s] tests/cli_runtime/test_runtime_close_s12.py::TestRuntimeCloseS12::test_close_node_already_closed_returns_success_noop
[     0.3s] tests/cli_runtime/test_runtime_close_s12.py::TestRuntimeCloseS12::test_close_node_read_after_close_race_returns_success_noop
[     0.3s] tests/cli_runtime/test_runtime_close_s12.py::TestRuntimeCloseS12::test_close_node_non_cascade_for_epic_target
[     0.3s] tests/cli_runtime/test_runtime_close_s12.py::TestRuntimeCloseS12::test_close_node_non_cascade_for_initiative_target
[     0.3s] tests/cli_runtime/test_runtime_close_s12.py::TestRuntimeCloseS12::test_close_node_unlinked_parent_fails_without_touching_linked_child
[     0.3s] tests/cli_runtime/test_runtime_close_s12.py::TestRuntimeCloseS12::test_close_node_github_issue_target_resolves_current_unscoped_node_with_repo_scope
[     0.3s] tests/cli_runtime/test_runtime_close_s12.py::TestRuntimeCloseS12::test_close_node_github_issue_target_raises_for_ambiguous_unscoped_match
[     0.3s] tests/cli_runtime/test_runtime_close_s12.py::TestRuntimeCloseS12::test_close_node_github_issue_target_raises_when_repo_scope_does_not_match
[     0.3s] tests/cli_runtime/test_runtime_close_s12.py::TestRuntimeCloseS12::test_bootstrap_registers_close_node_use_case
[     0.3s] tests/cli_runtime/test_runtime_close_s12.py::TestRuntimeCloseS12::test_bootstrap_issue_gateway_forwards_issue_close
[     0.3s] tests/cli_runtime/test_runtime_close_s12.py::TestRuntimeCloseS12::test_issue_close_raw_adds_repo_scope_and_reloads_snapshot
[     0.3s] tests/cli_runtime/test_runtime_close_s12.py::TestRuntimeCloseS12::test_issue_close_raw_raises_with_close_command_context
[     0.3s] tests/cli_runtime/test_runtime_close_s12.py::TestRuntimeCloseS12::test_close_node_raises_when_close_and_fallback_view_both_fail
[     0.3s] tests/cli_runtime/test_runtime_delete_s13.py::TestRuntimeDeleteS13::test_selector_missing_returns_invalid_selector_combination
[     0.3s] tests/cli_runtime/test_runtime_delete_s13.py::TestRuntimeDeleteS13::test_selector_multiple_returns_invalid_selector_combination
[     0.3s] tests/cli_runtime/test_runtime_delete_s13.py::TestRuntimeDeleteS13::test_malformed_github_issue_returns_invalid_selector_syntax
[     0.3s] tests/cli_runtime/test_runtime_delete_s13.py::TestRuntimeDeleteS13::test_node_id_exact_match_resolve
[     0.3s] tests/cli_runtime/test_runtime_delete_s13.py::TestRuntimeDeleteS13::test_github_issue_selector_is_normalized
[     0.3s] tests/cli_runtime/test_runtime_delete_s13.py::TestRuntimeDeleteS13::test_ambiguous_target_for_github_issue
[     0.3s] tests/cli_runtime/test_runtime_delete_s13.py::TestRuntimeDeleteS13::test_unrelated_invalid_id_record_fails_closed_before_local_delete
[     0.3s] tests/cli_runtime/test_runtime_delete_s13.py::TestRuntimeDeleteS13::test_preflight_precedence_confirmation_before_recursive_active_deps
[     0.3s] tests/cli_runtime/test_runtime_delete_s13.py::TestRuntimeDeleteS13::test_active_conflict
[     0.3s] tests/cli_runtime/test_runtime_delete_s13.py::TestRuntimeDeleteS13::test_dependency_conflict
[     0.3s] tests/cli_runtime/test_runtime_delete_s13.py::TestRuntimeDeleteS13::test_dependency_topology_load_failure_returns_metadata_validation_failed_and_skips_local_delete
[     0.3s] tests/cli_runtime/test_runtime_delete_s13.py::TestRuntimeDeleteS13::test_node_dependency_resolution_failure_fails_closed_before_local_delete_or_scrub
[     0.3s] tests/cli_runtime/test_runtime_delete_s13.py::TestRuntimeDeleteS13::test_parent_dependency_conflict_without_force_stops_before_local_delete_mutation
[     0.3s] tests/cli_runtime/test_runtime_delete_s13.py::TestRuntimeDeleteS13::test_subtree_internal_dependency_is_not_conflict
[     0.3s] tests/cli_runtime/test_runtime_delete_s13.py::TestRuntimeDeleteS13::test_missing_recursive_for_parent
[     0.3s] tests/cli_runtime/test_runtime_delete_s13.py::TestRuntimeDeleteS13::test_missing_target_path
[     0.3s] tests/cli_runtime/test_runtime_delete_s13.py::TestRuntimeDeleteS13::test_missing_yes
[     0.3s] tests/cli_runtime/test_runtime_delete_s13.py::TestRuntimeDeleteS13::test_force_does_not_override_missing_target_recursive_yes
[     0.3s] tests/cli_runtime/test_runtime_delete_s13.py::TestRuntimeDeleteS13::test_force_positive_path_overrides_active_and_dependency_conflict
[     0.3s] tests/cli_runtime/test_runtime_delete_s13.py::TestRuntimeDeleteS13::test_issue_recursive_flag_is_accepted_noop
[     0.3s] tests/cli_runtime/test_runtime_delete_s13.py::TestRuntimeDeleteS13::test_would_match_target_invalid_metadata_returns_metadata_validation_failed
[     0.3s] tests/cli_runtime/test_runtime_delete_s13.py::TestRuntimeDeleteS13::test_target_local_metadata_load_failure_is_normalized_before_graph_build
[     0.3s] tests/cli_runtime/test_runtime_delete_s13.py::TestRuntimeDeleteS13::test_target_local_metadata_load_failure_uses_error_path_when_directory_match_is_ambiguous
[     0.3s] tests/cli_runtime/test_runtime_delete_s13.py::TestRuntimeDeleteS13::test_target_local_metadata_load_failure_ignores_non_canonical_duplicate_like_directory
[     0.3s] tests/cli_runtime/test_runtime_delete_s13.py::TestRuntimeDeleteS13::test_parent_recursive_delete_fails_with_subtree_metadata_validation_errors
[     0.3s] tests/cli_runtime/test_runtime_delete_s13.py::TestRuntimeDeleteS13::test_parent_recursive_delete_aborts_local_delete_when_remote_close_barrier_fails
[     0.3s] tests/cli_runtime/test_runtime_delete_s13.py::TestRuntimeDeleteS13::test_all_required_remote_closes_succeed_before_local_delete_starts
[     0.3s] tests/cli_runtime/test_runtime_delete_s13.py::TestRuntimeDeleteS13::test_recursive_epic_delete_succeeds_with_remote_close_barrier
[     0.3s] tests/cli_runtime/test_runtime_delete_s13.py::TestRuntimeDeleteS13::test_recursive_delete_order_is_deepest_first_and_same_depth_lexical
[     0.3s] tests/cli_runtime/test_runtime_delete_s13.py::TestRuntimeDeleteS13::test_parent_recursive_local_delete_partial_failure_reports_progress
[     0.3s] tests/cli_runtime/test_runtime_delete_s13.py::TestRuntimeDeleteS13::test_parent_recursive_local_delete_partial_failure_counts_deleted_when_raise_after_removal
[     0.3s] tests/cli_runtime/test_runtime_delete_s13.py::TestRuntimeDeleteS13::test_forced_parent_delete_dependency_scrub_success_scrubs_surviving_parent_and_issue_deps
[     0.3s] tests/cli_runtime/test_runtime_delete_s13.py::TestRuntimeDeleteS13::test_forced_recursive_delete_scrubs_raw_ref_to_empty_deleted_container
[     0.3s] tests/cli_runtime/test_runtime_delete_s13.py::TestRuntimeDeleteS13::test_recursive_delete_detects_numeric_raw_ref_to_empty_deleted_container
[     0.3s] tests/cli_runtime/test_runtime_delete_s13.py::TestRuntimeDeleteS13::test_recursive_delete_detects_deleted_empty_source_raw_ref_to_surviving_empty_container
[     0.3s] tests/cli_runtime/test_runtime_delete_s13.py::TestRuntimeDeleteS13::test_forced_recursive_delete_allows_deleted_empty_source_raw_ref_to_surviving_empty_container
[     0.3s] tests/cli_runtime/test_runtime_delete_s13.py::TestRuntimeDeleteS13::test_recursive_delete_detects_empty_source_direct_raw_refs_to_deleted_subtree_nodes
[     0.3s] tests/cli_runtime/test_runtime_delete_s13.py::TestRuntimeDeleteS13::test_forced_recursive_delete_fallback_scrubs_mixed_direct_and_url_refs_to_deleted_subtree
[     0.3s] tests/cli_runtime/test_runtime_delete_s13.py::TestRuntimeDeleteS13::test_recursive_delete_detects_non_empty_source_direct_raw_ref_to_empty_deleted_container
[     0.3s] tests/cli_runtime/test_runtime_delete_s13.py::TestRuntimeDeleteS13::test_forced_parent_delete_dependency_scrub_supports_numeric_scoped_and_url_refs_with_survivor_context_resolution
[     0.3s] tests/cli_runtime/test_runtime_delete_s13.py::TestRuntimeDeleteS13::test_forced_parent_delete_dependency_scrub_fails_closed_on_ambiguous_numeric_ref
[     0.3s] tests/cli_runtime/test_runtime_delete_s13.py::TestRuntimeDeleteS13::test_forced_parent_delete_dependency_scrub_failure_returns_partial_failure
[     0.3s] tests/cli_runtime/test_runtime_delete_s13.py::TestRuntimeDeleteS13::test_issue_target_remote_close_runs_before_local_delete_and_success_payload_is_fixed
[     0.3s] tests/cli_runtime/test_runtime_delete_s13.py::TestRuntimeDeleteS13::test_issue_target_delete_succeeds_when_remote_issue_is_already_closed
[     0.3s] tests/cli_runtime/test_runtime_delete_s13.py::TestRuntimeDeleteS13::test_issue_target_remote_close_failed_does_not_call_local_delete
[     0.3s] tests/cli_runtime/test_runtime_delete_s13.py::TestRuntimeDeleteS13::test_issue_target_local_delete_failure_after_remote_close_returns_partial_failure
[     0.3s] tests/cli_runtime/test_runtime_delete_s13.py::TestRuntimeDeleteS13::test_issue_target_local_delete_failure_json_exit_code_is_non_zero
[     0.3s] tests/cli_runtime/test_runtime_delete_s13.py::TestRuntimeDeleteS13::test_forced_issue_delete_clears_active_when_target_is_active
[     0.3s] tests/cli_runtime/test_runtime_delete_s13.py::TestRuntimeDeleteS13::test_forced_issue_delete_repairs_active_from_snapshot_when_clear_fails
[     0.3s] tests/cli_runtime/test_runtime_delete_s13.py::TestRuntimeDeleteS13::test_forced_issue_delete_returns_partial_failure_when_clear_active_fails_after_local_delete
[     0.3s] tests/cli_runtime/test_runtime_delete_s13.py::TestRuntimeDeleteS13::test_delete_command_positional_selector_wiring_and_json_exit_code
[     0.3s] tests/cli_runtime/test_runtime_delete_s13.py::TestRuntimeDeleteS13::test_delete_json_field_matrix_for_blocker_statuses
[     0.3s] tests/cli_runtime/test_runtime_delete_s13.py::TestRuntimeDeleteS13::test_delete_json_field_matrix_for_ok_status_with_ordering
[     0.3s] tests/cli_runtime/test_runtime_delete_s13.py::TestRuntimeDeleteS13::test_delete_json_field_matrix_for_metadata_validation_failed_and_remote_close_failed
[     0.3s] tests/cli_runtime/test_runtime_delete_s13.py::TestRuntimeDeleteS13::test_delete_json_field_matrix_for_local_delete_partial_failure
[     0.3s] tests/cli_runtime/test_runtime_delete_s13.py::TestRuntimeDeleteS13::test_issue_delete_success_path_returns_ok_and_cli_success_text
[     0.3s] tests/cli_runtime/test_runtime_deps_s04.py::TestRuntimeDepsS04::test_collect_sync_state_reads_shared_topology_map
[     0.3s] tests/cli_runtime/test_runtime_deps_s04.py::TestRuntimeDepsS04::test_collect_sync_state_carries_raw_direct_dependencies
[     0.3s] tests/cli_runtime/test_runtime_deps_s04.py::TestRuntimeDepsS04::test_artifact_bundle_requires_explicit_deps_raw_artifact
[     0.3s] tests/cli_runtime/test_runtime_deps_s04.py::TestRuntimeDepsS04::test_collect_sync_state_keeps_raw_parent_dependencies_out_of_readiness_map
[     0.3s] tests/cli_runtime/test_runtime_deps_s04.py::TestRuntimeDepsS04::test_status_context_source_selection
[     0.3s] tests/cli_runtime/test_runtime_deps_s04.py::TestRuntimeDepsS04::test_check_deps_use_case_and_cycle_fail_fast
[     0.3s] tests/cli_runtime/test_runtime_deps_s04.py::TestRuntimeDepsS04::test_check_deps_prefers_foreign_repo_snapshot_for_foreign_linked_issue
[     0.3s] tests/cli_runtime/test_runtime_deps_s04.py::TestRuntimeDepsS04::test_check_deps_skips_same_repo_repo_scoped_view_fetch_when_index_contains_key
[     0.3s] tests/cli_runtime/test_runtime_deps_s04.py::TestRuntimeDepsS04::test_check_deps_falls_back_to_same_repo_repo_scoped_view_when_index_missing_key
[     0.3s] tests/cli_runtime/test_runtime_deps_s04.py::TestRuntimeDepsS04::test_check_deps_falls_back_to_current_repo_view_for_unscoped_linked_epic_when_index_missing_key
[     0.3s] tests/cli_runtime/test_runtime_deps_s04.py::TestRuntimeDepsS04::test_check_deps_github_uses_current_repo_slug_for_unscoped_current_issue_and_keeps_foreign_same_number
[     0.3s] tests/cli_runtime/test_runtime_deps_s04.py::TestRuntimeDepsS04::test_validate_tree_reconnects_topology_provider
[     0.3s] tests/cli_runtime/test_runtime_deps_s04.py::TestRuntimeDepsS04::test_deps_renderers
[     0.3s] tests/cli_runtime/test_runtime_deps_s04.py::TestRuntimeDepsS04::test_legacy_deps_path_delegates_and_exit_codes
[     0.3s] tests/cli_runtime/test_runtime_deps_s04.py::TestRuntimeDepsS04::test_legacy_deps_path_rejects_non_canonical_url_like_target
[     0.3s] tests/cli_runtime/test_runtime_deps_s04.py::TestRuntimeDepsS04::test_legacy_deps_add_path_delegates_and_exit_code_zero
[     0.3s] tests/cli_runtime/test_runtime_deps_s04.py::TestRuntimeDepsS04::test_legacy_deps_add_path_renders_unchanged_result
[     0.3s] tests/cli_runtime/test_runtime_deps_s04.py::TestRuntimeDepsS04::test_legacy_deps_remove_path_delegates_and_exit_code_zero
[     0.3s] tests/cli_runtime/test_runtime_deps_s04.py::TestRuntimeDepsS04::test_legacy_deps_add_path_renders_typed_error_contract
[     0.3s] tests/cli_runtime/test_runtime_deps_s04.py::TestRuntimeDepsS04::test_fs_repo_atomic_replace_failure_preserves_original_meta_json
[     0.3s] tests/cli_runtime/test_runtime_deps_s04.py::TestRuntimeDepsS04::test_fs_repo_atomic_replace_failure_preserves_original_meta_json_on_remove
[     0.3s] tests/cli_runtime/test_runtime_deps_s04.py::TestRuntimeDepsS04::test_fs_repo_remove_issue_dependency_supports_shorthand_matching_refs
[     0.3s] tests/cli_runtime/test_runtime_deps_s04.py::TestRuntimeDepsS04::test_fs_repo_atomic_write_preserves_existing_read_bits
[     0.3s] tests/cli_runtime/test_runtime_deps_s04.py::TestRuntimeDepsS04::test_fs_repo_atomic_unlock_failure_maps_to_write_failed
[     0.3s] tests/cli_runtime/test_runtime_deps_s04.py::TestRuntimeDepsS04::test_fs_repo_atomic_non_oserror_write_failure_maps_to_write_failed_and_restores_readonly
[     0.3s] tests/cli_runtime/test_runtime_deps_s04.py::TestRuntimeDepsS04::test_fs_repo_atomic_lock_failure_maps_to_write_failed_lock_and_preserves_original
[     0.3s] tests/cli_runtime/test_runtime_deps_s04.py::TestRuntimeDepsS04::test_fs_repo_atomic_mkstemp_failure_maps_to_write_failed_write_temp
[     0.3s] tests/cli_runtime/test_runtime_deps_s04.py::TestRuntimeDepsS04::test_fs_repo_atomic_stat_failure_maps_to_write_failed
[     0.3s] tests/cli_runtime/test_runtime_doctor_s04.py::TestRuntimeDoctorS04::test_doctor_command_surface_rejects_raw_github_api_arguments
[     0.3s] tests/cli_runtime/test_runtime_doctor_s04.py::TestRuntimeDoctorS04::test_doctor_command_surface_rejects_malformed_github_targets[args0]
[     0.3s] tests/cli_runtime/test_runtime_doctor_s04.py::TestRuntimeDoctorS04::test_doctor_command_surface_rejects_malformed_github_targets[args1]
[     0.3s] tests/cli_runtime/test_runtime_doctor_s04.py::TestRuntimeDoctorS04::test_doctor_command_surface_rejects_malformed_github_targets[args2]
[     0.3s] tests/cli_runtime/test_runtime_doctor_s04.py::TestRuntimeDoctorS04::test_doctor_renders_targeted_github_permission_diagnostic_without_secret
[     0.3s] tests/cli_runtime/test_runtime_doctor_s04.py::TestRuntimeDoctorS04::test_doctor_without_github_target_skips_capability_probe_without_structural_failure
[     0.3s] tests/cli_runtime/test_runtime_doctor_s04.py::TestRuntimeDoctorS04::test_issue_222_s05_doctor_reports_actions_and_review_capabilities_without_checks_requirements
[     0.3s] tests/cli_runtime/test_runtime_doctor_s04.py::TestRuntimeDoctorS04::test_doctor_distinguishes_auth_missing_from_permission_denied_without_gh_token
[     0.3s] tests/cli_runtime/test_runtime_doctor_s04.py::TestRuntimeDoctorS04::test_doctor_renders_rate_transient_and_schema_statuses_distinctly
[     0.3s] tests/cli_runtime/test_runtime_doctor_s04.py::TestRuntimeDoctorS04::test_github_capability_cli_classifies_unknown_json_field_as_schema_unavailable[Unknown JSON field: "statusCheckRollup"]
[     0.3s] tests/cli_runtime/test_runtime_doctor_s04.py::TestRuntimeDoctorS04::test_github_capability_cli_classifies_unknown_json_field_as_schema_unavailable[unknown json field: statusCheckRollup]
[     0.3s] tests/cli_runtime/test_runtime_doctor_s04.py::TestRuntimeDoctorS04::test_github_capability_cli_classifies_integration_permission_denied
[     0.3s] tests/cli_runtime/test_runtime_doctor_s04.py::TestRuntimeDoctorS04::test_issue_222_s05_github_capability_cli_probes_actions_and_review_surfaces_without_checks_api
[     0.3s] tests/cli_runtime/test_runtime_doctor_s04.py::TestRuntimeDoctorS04::test_issue_222_s05_github_capability_cli_extended_does_not_probe_merge_blocker_metadata
[     0.3s] tests/cli_runtime/test_runtime_doctor_s04.py::TestRuntimeDoctorS04::test_github_capability_cli_token_source_uses_github_token_when_gh_token_absent
[     0.3s] tests/cli_runtime/test_runtime_doctor_s04.py::TestRuntimeDoctorS04::test_github_capability_cli_token_source_prefers_gh_token
[     0.3s] tests/cli_runtime/test_runtime_doctor_s04.py::TestRuntimeDoctorS04::test_github_capability_cli_reports_missing_gh_as_auth_missing
[     0.3s] tests/cli_runtime/test_runtime_doctor_s04.py::TestRuntimeDoctorS04::test_doctor_detects_missing_artifact
[     0.3s] tests/cli_runtime/test_runtime_doctor_s04.py::TestRuntimeDoctorS04::test_doctor_detects_duplicate_discussion_sequence
[     0.3s] tests/cli_runtime/test_runtime_doctor_s04.py::TestRuntimeDoctorS04::test_doctor_detects_duplicate_discussion_timestamps
[     0.3s] tests/cli_runtime/test_runtime_doctor_s04.py::TestRuntimeDoctorS04::test_doctor_detects_malformed_discussion_doc_filename
[     0.3s] tests/cli_runtime/test_runtime_doctor_s04.py::TestRuntimeDoctorS04::test_doctor_detects_malformed_discussion_doc_filename_from_repo_backed_validation
[     0.3s] tests/cli_runtime/test_runtime_doctor_s04.py::TestRuntimeDoctorS04::test_doctor_detects_duplicate_id
[     0.3s] tests/cli_runtime/test_runtime_doctor_s04.py::TestRuntimeDoctorS04::test_doctor_detects_exact_duplicate_id_message
[     0.3s] tests/cli_runtime/test_runtime_doctor_s04.py::TestRuntimeDoctorS04::test_doctor_detects_raw_empty_container_dependency_cycle
[     0.3s] tests/cli_runtime/test_runtime_doctor_s04.py::TestRuntimeDoctorS04::test_doctor_detects_legacy_unscoped_github_linkage_when_current_repo_is_resolved
[     0.3s] tests/cli_runtime/test_runtime_doctor_s04.py::TestRuntimeDoctorS04::test_doctor_detects_broken_meta_when_reader_fails
[     0.3s] tests/cli_runtime/test_runtime_doctor_s04.py::TestRuntimeDoctorS04::test_doctor_detects_broken_meta_when_reader_reports_invalid_json_for_meta
[     0.3s] tests/cli_runtime/test_runtime_doctor_s04.py::TestRuntimeDoctorS04::test_doctor_detects_broken_meta_when_required_field_is_missing
[     0.3s] tests/cli_runtime/test_runtime_doctor_s04.py::TestRuntimeDoctorS04::test_doctor_skips_stale_active_pointer_id_check_when_graph_is_unavailable
[     0.3s] tests/cli_runtime/test_runtime_doctor_s04.py::TestRuntimeDoctorS04::test_doctor_detects_stale_active_pointer
[     0.3s] tests/cli_runtime/test_runtime_doctor_s04.py::TestRuntimeDoctorS04::test_doctor_detects_stale_active_pointer_for_absolute_path_outside_repo
[     0.3s] tests/cli_runtime/test_runtime_doctor_s04.py::TestRuntimeDoctorS04::test_doctor_detects_stale_active_pointer_when_manifest_path_points_to_file
[     0.3s] tests/cli_runtime/test_runtime_doctor_s04.py::TestRuntimeDoctorS04::test_doctor_detects_stale_active_pointer_id_mismatch_when_graph_ids_are_empty
[     0.3s] tests/cli_runtime/test_runtime_doctor_s04.py::TestRuntimeDoctorS04::test_doctor_reports_stale_active_pointer_when_manifest_is_invalid_and_missing
[     0.3s] tests/cli_runtime/test_runtime_doctor_s04.py::TestRuntimeDoctorS04::test_doctor_detects_stale_create_lock
[     0.3s] tests/cli_runtime/test_runtime_doctor_s04.py::TestRuntimeDoctorS04::test_doctor_detects_invalid_create_lock_metadata
[     0.3s] tests/cli_runtime/test_runtime_doctor_s04.py::TestRuntimeDoctorS04::test_doctor_detects_non_stale_create_lock_contention
[     0.3s] tests/cli_runtime/test_runtime_doctor_s04.py::TestRuntimeDoctorS04::test_issue_78_doctor_reports_legacy_only_workspace_as_finding
[     0.3s] tests/cli_runtime/test_runtime_doctor_s04.py::TestRuntimeDoctorS04::test_issue_78_doctor_reports_cleanup_pending_warning_for_valid_coexistence
[     0.3s] tests/cli_runtime/test_runtime_doctor_s04.py::TestRuntimeDoctorS04::test_issue_78_main_doctor_renders_cleanup_pending_warning_message
[     0.3s] tests/cli_runtime/test_runtime_doctor_s04.py::TestRuntimeDoctorS04::test_issue_78_main_doctor_reaches_legacy_only_workspace_guidance
[     0.3s] tests/cli_runtime/test_runtime_doctor_s04.py::TestRuntimeDoctorS04::test_main_doctor_delegates_to_use_case
[     0.3s] tests/cli_runtime/test_runtime_doctor_s04.py::TestRuntimeDoctorS04::test_issue_78_main_doctor_keeps_not_found_when_no_workspace_exists
[     0.3s] tests/cli_runtime/test_runtime_import_s10.py::TestRuntimeImportS10::test_release_create_lock_compat_for_import_old_call_signature
[     0.3s] tests/cli_runtime/test_runtime_import_s10.py::TestRuntimeImportS10::test_parent_fallback_regression
[     0.3s] tests/cli_runtime/test_runtime_import_s10.py::TestRuntimeImportS10::test_load_active_manifest_chain_regression
[     0.3s] tests/cli_runtime/test_runtime_import_s10.py::TestRuntimeImportS10::test_parent_fallback_re_resolves_inside_lock_when_parent_drifts_regression
[     0.3s] tests/cli_runtime/test_runtime_import_s10.py::TestRuntimeImportS10::test_duplicate_guard_no_write_regression
[     0.3s] tests/cli_runtime/test_runtime_import_s10.py::TestRuntimeImportS10::test_import_import_race_revalidation_no_write_regression
[     0.3s] tests/cli_runtime/test_runtime_import_s10.py::TestRuntimeImportS10::test_import_rejects_foreign_repo_before_github_read_lock_and_race_revalidation_writes
[     0.3s] tests/cli_runtime/test_runtime_import_s10.py::TestRuntimeImportS10::test_import_initiative_and_epic_reject_foreign_repo_without_writes
[     0.3s] tests/cli_runtime/test_runtime_import_s10.py::TestRuntimeImportS10::test_import_numeric_target_rejects_when_current_repo_unknown_without_writes
[     0.3s] tests/cli_runtime/test_runtime_import_s10.py::TestRuntimeImportS10::test_no_write_preflight_collision_regression
[     0.3s] tests/cli_runtime/test_runtime_import_s10.py::TestRuntimeImportS10::test_no_write_preflight_collision_with_active_parent_fallback_regression
[     0.3s] tests/cli_runtime/test_runtime_import_s10.py::TestRuntimeImportS10::test_import_numeric_target_uses_resolved_current_repo_slug_for_github_read
[     0.3s] tests/cli_runtime/test_runtime_import_s10.py::TestRuntimeImportS10::test_import_issue_uses_target_repo_slug_for_same_repo_url_when_present
[     0.3s] tests/cli_runtime/test_runtime_import_s10.py::TestRuntimeImportS10::test_import_issue_rejects_foreign_repo_without_opt_in
[     0.3s] tests/cli_runtime/test_runtime_import_s10.py::TestRuntimeImportS10::test_import_then_sync_artifact_path_name_content_regression
[     0.3s] tests/cli_runtime/test_runtime_import_s10.py::TestRuntimeImportS10::test_post_import_sync_negative_path_regression
[     0.3s] tests/cli_runtime/test_runtime_import_s10.py::TestRuntimeImportS10::test_execute_create_plan_reuse_seam
[     0.3s] tests/cli_runtime/test_runtime_import_s10.py::TestRuntimeImportS10::test_renderer_text_regression
[     0.3s] tests/cli_runtime/test_runtime_import_s10.py::TestRuntimeImportS10::test_command_import_issue_smoke
[     0.3s] tests/cli_runtime/test_runtime_import_s10.py::TestRuntimeImportS10::test_import_command_returns_nonzero_when_post_sync_artifact_failure_exists
[     0.3s] tests/cli_runtime/test_runtime_shell_s11.py::TestRuntimeShellS11::test_import_scan_detects_legacy_helper_import_styles
[     0.3s] tests/cli_runtime/test_runtime_shell_s11.py::TestRuntimeShellS11::test_import_root_normalizes_fully_qualified_layer_modules
[     0.3s] tests/cli_runtime/test_runtime_shell_s11.py::TestRuntimeShellS11::test_parser_help_and_argparse_failure_regression
[     0.3s] tests/cli_runtime/test_runtime_shell_s11.py::TestRuntimeShellS11::test_dispatch_business_exit_ownership
[     0.3s] tests/cli_runtime/test_runtime_shell_s11.py::TestRuntimeShellS11::test_representative_command_wrapper_smoke
[     0.3s] tests/cli_runtime/test_runtime_shell_s11.py::TestRuntimeShellS11::test_close_command_wrapper_smoke
[     0.3s] tests/cli_runtime/test_runtime_shell_s11.py::TestRuntimeShellS11::test_delete_command_wrapper_smoke
[     0.3s] tests/cli_runtime/test_runtime_shell_s11.py::TestRuntimeShellS11::test_deps_json_stdout_only_and_text_warning_regression
[     0.3s] tests/cli_runtime/test_runtime_shell_s11.py::TestRuntimeShellS11::test_staged_delegation_path_regression
[     0.3s] tests/cli_runtime/test_runtime_shell_s11.py::TestRuntimeShellS11::test_rollback_ready_wrapper_swap_smoke
[     0.3s] tests/cli_runtime/test_runtime_shell_s11.py::TestRuntimeShellS11::test_final_api_call_site_and_structural_regression
[     0.3s] tests/cli_runtime/test_runtime_shell_s11.py::TestRuntimeShellS11::test_app_no_command_wrapper_regression
[     0.3s] tests/cli_runtime/test_runtime_validate_s02.py::TestRuntimeValidateS02::test_validate_tree_use_case_returns_result_with_checked_node_count
[     0.3s] tests/cli_runtime/test_runtime_validate_s02.py::TestRuntimeValidateS02::test_validate_tree_use_case_returns_domain_error
[     0.3s] tests/cli_runtime/test_runtime_validate_s02.py::TestRuntimeValidateS02::test_validate_tree_use_case_rejects_local_only_legacy_contract_state
[     0.3s] tests/cli_runtime/test_runtime_validate_s02.py::TestRuntimeValidateS02::test_render_validate_text_regression
[     0.3s] tests/cli_runtime/test_runtime_validate_s02.py::TestRuntimeValidateS02::test_app_minimal_validate_reader_seam
[     0.3s] tests/cli_runtime/test_runtime_validate_s02.py::TestRuntimeValidateS02::test_validate_exit_0_and_stdout_only
[     0.3s] tests/cli_runtime/test_runtime_validate_s02.py::TestRuntimeValidateS02::test_validate_exit_1_and_stderr_only
[     0.3s] tests/cli_runtime/test_runtime_validate_s02.py::TestRuntimeValidateS02::test_legacy_validate_path_delegates_to_use_case_and_renderer
[     0.3s] tests/cli_runtime/test_runtime_validate_s02.py::TestRuntimeValidateS02::test_issue_78_validate_uses_current_specdock_even_when_legacy_hidden_workspace_exists
[     0.3s] tests/cli_runtime/test_storage_core_cli.py::TestStorageCoreCli::test_root_help_registry_and_leaf_help_match_storage_core_inventory
[     0.3s] tests/cli_runtime/test_storage_core_cli.py::TestStorageCoreCli::test_removed_routes_are_parser_errors_without_tree_or_state_writes
[     0.3s] tests/cli_runtime/test_storage_core_cli.py::TestStorageCoreCli::test_active_set_exposes_only_target_selectors_and_invalid_target_is_no_write
[     0.3s] tests/cli_runtime/test_storage_core_cli.py::test_storage_core_runtime_deletion_contract
[     0.3s] tests/cli_runtime/test_sync.py::TestCliSync::test_sync_rejects_github_and_no_github_together
[     0.3s] tests/cli_runtime/test_sync.py::TestCliSync::test_new_and_active_and_sync
[     0.3s] tests/cli_runtime/test_sync.py::TestCliSync::test_sync_builds_flat_adr_mirror_and_clears_stale_entries_after_rename_and_delete
[     0.3s] tests/cli_runtime/test_sync.py::TestCliSync::test_sync_emits_all_and_todo_json_views
[     0.3s] tests/cli_runtime/test_sync.py::TestCliSync::test_sync_compiles_shorthand_to_issue_edges
[     0.3s] tests/cli_runtime/test_sync.py::TestCliSync::test_sync_warns_when_shorthand_expands_to_empty
[     0.3s] tests/cli_runtime/test_sync.py::TestCliSync::test_sync_deps_issues_marks_empty_closed_epic_dependency_satisfied
[     0.3s] tests/cli_runtime/test_sync.py::TestCliSync::test_sync_deps_issues_records_all_done_expanded_high_level_dependency_as_satisfied
[     0.3s] tests/cli_runtime/test_sync.py::TestCliSync::test_sync_fails_on_unresolved_ref
[     0.3s] tests/cli_runtime/test_sync.py::TestCliSync::test_sync_fails_on_descendant_dependency
[     0.3s] tests/cli_runtime/test_sync.py::TestCliSync::test_sync_fails_on_self_or_cycle
[     0.3s] tests/cli_runtime/test_sync.py::TestCliSync::test_sync_derives_deps_fields_ready_and_blockers
[     0.3s] tests/cli_runtime/test_sync.py::TestCliSync::test_local_only_issue_is_open_and_ready_without_deps
[     0.3s] tests/cli_runtime/test_sync.py::TestCliSync::test_sync_outputs_are_deterministically_sorted
[     0.3s] tests/cli_runtime/test_sync.py::TestCliSync::test_sync_emits_deps_issues_json_and_puml_todo_only
[     0.3s] tests/cli_runtime/test_sync.py::TestCliSync::test_sync_todo_projection_excludes_done_and_empty_branches
[     0.3s] tests/cli_runtime/test_sync.py::TestCliSync::test_sync_emits_tree_puml_ready_board_at_spec_dock_root
[     0.3s] tests/cli_runtime/test_sync.py::TestCliSync::test_sync_emits_dashboard_md_at_spec_dock_root
[     0.3s] tests/cli_runtime/test_sync.py::TestCliSync::test_spec_dock_gitignore_ignores_human_facing_artifacts
[     0.3s] tests/cli_runtime/test_sync.py::TestCliSync::test_spec_dock_gitignore_behavior_matches_git_check_ignore
[     0.3s] tests/cli_runtime/test_sync.py::TestCliSync::test_sync_force_does_not_update_active_from_branch
[     0.3s] tests/cli_runtime/test_sync.py::TestCliSync::test_sync_updates_active_from_branch_id
[     0.3s] tests/cli_runtime/test_sync.py::TestCliSync::test_issue_71_runtime_bundle_validate_sync_and_sync_github_surface
[     0.3s] tests/cli_runtime/test_sync.py::TestCliSync::test_sync_default_github_populates_issue_statuses
[     0.3s] tests/cli_runtime/test_sync.py::TestCliSync::test_sync_generates_index_deps_and_deps_issues_artifacts
[     0.3s] tests/cli_runtime/test_sync.py::TestCliSync::test_sync_github_passes_gh_limit_to_gh
[     0.3s] tests/cli_runtime/test_sync.py::TestCliSync::test_sync_github_index_incomplete_warns_and_marks_unknown
[     0.3s] tests/cli_runtime/test_sync.py::TestCliSync::test_sync_github_fetch_failure_warns_and_continues
[     0.3s] tests/cli_runtime/test_uninstall.py::TestUninstallCommand::test_uninstall_help_describes_upstream_no_cache_and_default_target
[     0.3s] tests/cli_runtime/test_uninstall.py::TestUninstallCommand::test_uninstall_runs_uvx_no_cache_with_default_target
[     0.3s] tests/cli_runtime/test_uninstall.py::TestUninstallCommand::test_uninstall_passes_explicit_target_to_installer_uninstall
[     0.3s] tests/cli_runtime/test_uninstall.py::TestUninstallCommand::test_uninstall_forwards_apply_keep_specs_and_propagates_failure_output
[     0.3s] tests/cli_runtime/test_uninstall.py::TestUninstallCommand::test_uninstall_forwards_remove_specs_flag
[     0.3s] tests/cli_runtime/test_uninstall.py::TestUninstallCommand::test_uninstall_forwards_json_and_preserves_json_stdout
[     0.3s] tests/cli_runtime/test_uninstall.py::TestUninstallCommand::test_uninstall_missing_uvx_fails_with_actionable_error
[     0.3s] tests/cli_runtime/test_uninstall.py::TestUninstallCommand::test_uninstall_rejects_source_and_cache_overrides_without_invoking_uvx
[     0.3s] tests/cli_runtime/test_update.py::TestUpdateCommand::test_update_help_describes_upstream_no_cache_and_default_target
[     0.3s] tests/cli_runtime/test_update.py::TestUpdateCommand::test_update_runs_uvx_no_cache_with_default_target
[     0.3s] tests/cli_runtime/test_update.py::TestUpdateCommand::test_update_passes_explicit_target_to_installer_update
[     0.3s] tests/cli_runtime/test_update.py::TestUpdateCommand::test_update_propagates_subprocess_failure_output_and_exit_code
[     0.3s] tests/cli_runtime/test_update.py::TestUpdateCommand::test_update_missing_uvx_fails_with_actionable_error
[     0.3s] tests/cli_runtime/test_update.py::TestUpdateCommand::test_update_rejects_force_option
[     0.3s] tests/cli_runtime/test_update.py::TestUpdateCommand::test_update_rejects_source_and_cache_overrides_without_invoking_uvx
[     0.3s] tests/cli_runtime/test_validate.py::TestCliValidate::test_validate_and_doctor_diagnose_raw_non_utf8_generic_basename_without_mutation
[     0.3s] tests/cli_runtime/test_validate.py::TestCliValidate::test_validate_and_doctor_preserve_timestamp_intent_authoring_pack_directory_without_accept_all[None]
[     0.3s] tests/cli_runtime/test_validate.py::TestCliValidate::test_validate_and_doctor_preserve_timestamp_intent_authoring_pack_directory_without_accept_all[20260810t010101z-100-analysis-direct-control.md]
[     0.3s] tests/cli_runtime/test_validate.py::TestCliValidate::test_validate_and_doctor_preserve_timestamp_intent_authoring_pack_directory_without_accept_all[20260230t120000z--capture.html]
[     0.3s] tests/cli_runtime/test_validate.py::TestCliValidate::test_validate_and_doctor_accept_existing_analysis_artifacts_together_without_mutation
[     0.3s] tests/cli_runtime/test_validate.py::TestCliValidate::test_validate_and_doctor_preserve_explicit_historical_catalog[artifacts-20260810t010101z-pr-repair-batch-review-fix.md]
[     0.3s] tests/cli_runtime/test_validate.py::TestCliValidate::test_validate_and_doctor_preserve_explicit_historical_catalog[artifacts-20260810t010102z-draft-requirement-requirement.md]
[     0.3s] tests/cli_runtime/test_validate.py::TestCliValidate::test_validate_and_doctor_preserve_explicit_historical_catalog[artifacts-20260810t010103z-draft-design-design.md]
[     0.3s] tests/cli_runtime/test_validate.py::TestCliValidate::test_validate_and_doctor_preserve_explicit_historical_catalog[artifacts-20260810t010104z-draft-plan-plan.md]
[     0.3s] tests/cli_runtime/test_validate.py::TestCliValidate::test_validate_and_doctor_preserve_explicit_historical_catalog[artifacts-20260810t010105z-scratch-capture.md]
[     0.3s] tests/cli_runtime/test_validate.py::TestCliValidate::test_validate_and_doctor_preserve_explicit_historical_catalog[artifacts-20260810t010106z-note-handoff.md]
[     0.3s] tests/cli_runtime/test_validate.py::TestCliValidate::test_validate_and_doctor_preserve_explicit_historical_catalog[artifacts-001-adr-token-rotation.md]
[     0.3s] tests/cli_runtime/test_validate.py::TestCliValidate::test_validate_and_doctor_preserve_explicit_historical_catalog[artifacts-002-disc-api-options.md]
[     0.3s] tests/cli_runtime/test_validate.py::TestCliValidate::test_validate_and_doctor_preserve_explicit_historical_catalog[artifacts-003-note-kickoff-memo.md]
[     0.3s] tests/cli_runtime/test_validate.py::TestCliValidate::test_validate_and_doctor_preserve_explicit_historical_catalog[artifacts-20260810t010107z--Report FINAL.PDF]
[     0.3s] tests/cli_runtime/test_validate.py::TestCliValidate::test_validate_and_doctor_preserve_explicit_historical_catalog[artifacts-20260810t010108z-07--opaque.md]
[     0.3s] tests/cli_runtime/test_validate.py::TestCliValidate::test_validate_and_doctor_preserve_explicit_historical_catalog[artifacts-20260810t010109z-notes.md]
[     0.3s] tests/cli_runtime/test_validate.py::TestCliValidate::test_validate_and_doctor_preserve_explicit_historical_catalog[artifacts-20260810t010110z-research-research.md]
[     0.3s] tests/cli_runtime/test_validate.py::TestCliValidate::test_validate_and_doctor_preserve_explicit_historical_catalog[artifacts-20260810t010111z-interview-hearing.md]
[     0.3s] tests/cli_runtime/test_validate.py::TestCliValidate::test_validate_and_doctor_preserve_explicit_historical_catalog[artifacts-20260810t010112z-disc-options.md]
[     0.3s] tests/cli_runtime/test_validate.py::TestCliValidate::test_validate_and_doctor_preserve_explicit_historical_catalog[artifacts-20260810t010113z-decision-candidate-choice.md]
[     0.3s] tests/cli_runtime/test_validate.py::TestCliValidate::test_validate_and_doctor_preserve_explicit_historical_catalog[artifacts-20260810t010114z-adr-decision.md]
[     0.3s] tests/cli_runtime/test_validate.py::TestCliValidate::test_validate_and_doctor_preserve_explicit_historical_catalog[artifacts-20260810t010117z-analysis-boundary-review.md]
[     0.3s] tests/cli_runtime/test_validate.py::TestCliValidate::test_validate_and_doctor_preserve_explicit_historical_catalog[artifacts-20260810t010118z-report-validation-result.md]
[     0.3s] tests/cli_runtime/test_validate.py::TestCliValidate::test_validate_and_doctor_preserve_explicit_historical_catalog[artifacts-20260810t010119z-review-final-gate.md]
[     0.3s] tests/cli_runtime/test_validate.py::TestCliValidate::test_validate_and_doctor_preserve_explicit_historical_catalog[artifacts-20260810t010120z-external-document.md]
[     0.3s] tests/cli_runtime/test_validate.py::TestCliValidate::test_validate_and_doctor_preserve_explicit_historical_catalog[discussions-20260810t010115z-disc-legacy.md]
[     0.3s] tests/cli_runtime/test_validate.py::TestCliValidate::test_validate_and_doctor_preserve_explicit_historical_catalog[discussions-20260810t010116z-01-note-legacy.md]
[     0.3s] tests/cli_runtime/test_validate.py::TestCliValidate::test_validate_and_doctor_preserve_explicit_historical_catalog[discussions-001-adr-legacy.md]
[     0.3s] tests/cli_runtime/test_validate.py::TestCliValidate::test_validate_and_doctor_preserve_explicit_historical_catalog[discussions-002-disc-legacy.md]
[     0.3s] tests/cli_runtime/test_validate.py::TestCliValidate::test_validate_and_doctor_preserve_explicit_historical_catalog[discussions-003-research-legacy.md]
[     0.3s] tests/cli_runtime/test_validate.py::TestCliValidate::test_validate_and_doctor_preserve_explicit_historical_catalog[discussions-004-note-legacy.md]
[     0.3s] tests/cli_runtime/test_validate.py::TestCliValidate::test_validate_and_doctor_diagnose_only_explicit_malformed_artifact_controls_without_mutation[20260810T010101z-adr-upper-t.md]
[     0.3s] tests/cli_runtime/test_validate.py::TestCliValidate::test_validate_and_doctor_diagnose_only_explicit_malformed_artifact_controls_without_mutation[20260810t010101Z-adr-upper-z.md]
[     0.3s] tests/cli_runtime/test_validate.py::TestCliValidate::test_validate_and_doctor_diagnose_only_explicit_malformed_artifact_controls_without_mutation[20260810t010101-adr-missing-z.md]
[     0.3s] tests/cli_runtime/test_validate.py::TestCliValidate::test_validate_and_doctor_diagnose_only_explicit_malformed_artifact_controls_without_mutation[20260810t010101z_analysis-bad-separator.md]
[     0.3s] tests/cli_runtime/test_validate.py::TestCliValidate::test_validate_and_doctor_diagnose_only_explicit_malformed_artifact_controls_without_mutation[20260810t010101z-.md]
[     0.3s] tests/cli_runtime/test_validate.py::TestCliValidate::test_validate_and_doctor_diagnose_only_explicit_malformed_artifact_controls_without_mutation[20260810t01010z-adr-short-time.md]
[     0.3s] tests/cli_runtime/test_validate.py::TestCliValidate::test_validate_and_doctor_diagnose_only_explicit_malformed_artifact_controls_without_mutation[20261340t256199z-adr-impossible-time.md]
[     0.3s] tests/cli_runtime/test_validate.py::TestCliValidate::test_validate_and_doctor_diagnose_only_explicit_malformed_artifact_controls_without_mutation[20260810t010101z-00-note-bad-slot.md]
[     0.3s] tests/cli_runtime/test_validate.py::TestCliValidate::test_validate_and_doctor_diagnose_only_explicit_malformed_artifact_controls_without_mutation[20260810t010101z-100-note-bad-slot.md]
[     0.3s] tests/cli_runtime/test_validate.py::TestCliValidate::test_validate_and_doctor_diagnose_only_explicit_malformed_artifact_controls_without_mutation[001-scratch-not-in-sequential-catalog.md]
[     0.3s] tests/cli_runtime/test_validate.py::TestCliValidate::test_validate_and_doctor_preserve_duplicate_artifacts_while_reporting_actionable_diagnostic[filenames0-Duplicate artifact id detected]
[     0.3s] tests/cli_runtime/test_validate.py::TestCliValidate::test_validate_and_doctor_preserve_duplicate_artifacts_while_reporting_actionable_diagnostic[filenames1-Duplicate artifact timestamp slot detected]
[     0.3s] tests/cli_runtime/test_validate.py::TestCliValidate::test_validate_and_doctor_preserve_duplicate_artifacts_while_reporting_actionable_diagnostic[filenames2-Duplicate artifact timestamp slot detected]
[     0.3s] tests/cli_runtime/test_validate.py::TestCliValidate::test_validate_and_doctor_preserve_duplicate_artifacts_while_reporting_actionable_diagnostic[filenames3-Duplicate artifact timestamp slot detected]
[     0.3s] tests/cli_runtime/test_validate.py::TestCliValidate::test_validate_and_doctor_preserve_duplicate_artifacts_while_reporting_actionable_diagnostic[filenames4-Duplicate artifact id detected]
[     0.3s] tests/cli_runtime/test_validate.py::TestCliValidate::test_validate_and_doctor_preserve_unsafe_artifact_paths_while_reporting_actionable_diagnostic[artifact-file-symlink]
[     0.3s] tests/cli_runtime/test_validate.py::TestCliValidate::test_validate_and_doctor_preserve_unsafe_artifact_paths_while_reporting_actionable_diagnostic[artifact-file-directory]
[     0.3s] tests/cli_runtime/test_validate.py::TestCliValidate::test_validate_and_doctor_preserve_unsafe_artifact_paths_while_reporting_actionable_diagnostic[artifact-file-fifo]
[     0.3s] tests/cli_runtime/test_validate.py::TestCliValidate::test_validate_and_doctor_preserve_unsafe_artifact_paths_while_reporting_actionable_diagnostic[artifacts-directory-symlink]
[     0.3s] tests/cli_runtime/test_validate.py::TestCliValidate::test_validate_and_doctor_preserve_unsafe_artifact_paths_while_reporting_actionable_diagnostic[dangling-artifacts-directory-symlink]
[     0.3s] tests/cli_runtime/test_validate.py::TestCliValidate::test_validate_rejects_missing_or_invalid_required_meta_identity_fields
[     0.3s] tests/cli_runtime/test_validate.py::TestCliValidate::test_validate_detects_broken_parent_id
[     0.3s] tests/cli_runtime/test_validate.py::TestCliValidate::test_validate_detects_issue_initiative_id_mismatch
[     0.3s] tests/cli_runtime/test_validate.py::TestCliValidate::test_validate_rejects_local_only_initiative_state
[     0.3s] tests/cli_runtime/test_validate.py::TestCliValidate::test_validate_rejects_legacy_unscoped_issue_linkage
[     0.3s] tests/cli_runtime/test_validate.py::TestCliValidate::test_sync_fails_preflight_on_partially_scoped_issue_linkage
[     0.3s] tests/cli_runtime/test_validate.py::TestCliValidate::test_validate_rejects_blank_string_repo_scope_in_meta_loader
[     0.3s] tests/cli_runtime/test_validate.py::TestCliValidate::test_validate_reports_invalid_meta_json_shape
[     0.3s] tests/cli_runtime/test_validate.py::TestCliValidate::test_validate_detects_duplicate_github_issue_numbers_with_paths
[     0.3s] tests/cli_runtime/test_validate.py::TestCliValidate::test_validate_rejects_same_issue_number_when_repo_linkage_is_mixed_and_current_unknown
[     0.3s] tests/cli_runtime/test_validate.py::TestCliValidate::test_validate_allows_same_issue_number_when_current_repo_is_resolved
[     0.3s] tests/cli_runtime/test_validate.py::TestCliValidate::test_validate_grandfathers_legacy_discussion_names_and_ignores_unrelated_files
[     0.3s] tests/cli_runtime/test_validate.py::TestCliValidate::test_validate_rejects_malformed_discussion_doc_candidates
[     0.3s] tests/cli_runtime/test_validate.py::TestCliValidate::test_validate_accepts_mixed_same_timestamp_unsuffixed_and_suffixed_slots
[     0.3s] tests/cli_runtime/test_validate.py::TestCliValidate::test_validate_accepts_high_end_discussion_timestamp_suffix
[     0.3s] tests/cli_runtime/test_validate.py::TestCliValidate::test_validate_accepts_research_discussion_docs
[     0.3s] tests/cli_runtime/test_validate.py::TestCliValidate::test_validate_accepts_old_new_and_mixed_document_surfaces
[     0.3s] tests/cli_runtime/test_validate.py::TestCliValidate::test_validate_rejects_malformed_artifact_filename_with_artifact_diagnostic
[     0.3s] tests/cli_runtime/test_validate.py::TestCliValidate::test_validate_rejects_symlinked_artifact_file_with_artifact_diagnostic
[     0.3s] tests/cli_runtime/test_validate.py::TestCliValidate::test_validate_rejects_duplicate_artifact_id_with_artifact_diagnostic
[     0.3s] tests/cli_runtime/test_validate.py::TestCliValidate::test_validate_legacy_delegated_authority_metadata_is_content_invariant
[     0.3s] tests/cli_runtime/test_validate.py::TestCliValidate::test_validate_legacy_evidence_adoption_ledger_is_content_invariant
[     0.3s] tests/cli_runtime/test_validate.py::TestCliValidate::test_validate_rejects_legacy_sequence_for_new_discussion_types
[     0.3s] tests/cli_runtime/test_validate.py::TestCliValidate::test_validate_detects_duplicate_discussion_timestamp_slot
[     0.3s] tests/cli_runtime/test_validate.py::TestCliValidate::test_validate_detects_duplicate_discussion_timestamp_suffix_slot
[     0.3s] tests/cli_runtime/test_validate.py::TestCliValidate::test_validate_detects_missing_required_artifact_docs_for_each_node_kind
[     0.3s] tests/cli_runtime/test_validate.py::TestCliValidate::test_validate_detects_missing_required_meta_for_each_node_kind
[     0.3s] tests/cli_runtime/test_validate.py::TestCliValidate::test_doctor_detects_missing_required_meta_artifact
[     0.3s] tests/cli_runtime/test_validate.py::TestCliValidate::test_validate_sync_and_doctor_classify_missing_meta_with_create_lock_in_progress
[     0.3s] tests/cli_runtime/test_validate.py::TestCliValidate::test_validate_sync_and_doctor_classify_missing_meta_with_stale_create_lock
[     0.3s] tests/cli_runtime/test_validate.py::TestCliValidate::test_validate_sync_and_doctor_detect_missing_required_plan_artifact
[     0.3s] tests/cli_runtime/test_validate.py::TestCliValidate::test_issue_71_runtime_bundle_missing_required_artifact_fail_fast
[     0.3s] tests/cli_runtime/test_validate.py::TestCliValidate::test_sync_force_continues_when_required_plan_artifact_is_missing
[     0.3s] tests/cli_runtime/test_validate.py::TestCliValidate::test_sync_fails_when_tree_is_invalid
[     0.3s] tests/cli_runtime/test_validate.py::TestCliValidate::test_sync_force_continues_when_tree_is_invalid
[     0.3s] tests/cli_runtime/test_validate.py::TestCliValidate::test_sync_force_continues_when_meta_id_is_invalid
[     0.3s] tests/cli_runtime/test_validate.py::TestCliValidate::test_sync_and_validate_do_not_backfill_or_relock_existing_meta_json
[     0.3s] tests/cli_runtime/test_validate.py::TestCliValidate::test_sync_github_keeps_already_normalized_current_repo_linkage_no_origin_continuity
[     0.3s] tests/cli_runtime/test_validate.py::TestCliValidate::test_sync_github_keeps_readonly_lone_unscoped_meta_without_backfill
[     0.3s] tests/cli_runtime/test_validate.py::TestCliValidate::test_sync_github_no_backfill_path_does_not_emit_readonly_lock_warning
[     0.3s] tests/cli_runtime/test_validate.py::TestCliValidate::test_validate_and_sync_fail_fast_on_legacy_meta_json
[     0.3s] tests/cli_runtime/test_validate.py::TestCliValidate::test_validate_and_sync_fail_fast_when_dot_meta_and_legacy_coexist
[     0.3s] tests/cli_runtime/test_validate.py::TestCliValidate::test_sync_clause3_legacy_meta_json_fail_fast_no_auto_repair_or_agent_write_even_with_force
[     0.3s] tests/cli_runtime/test_validate.py::TestCliValidate::test_issue_78_validate_ignores_legacy_hidden_workspace_contents
[     0.3s] tests/cli_runtime/test_validate.py::TestCliValidate::test_issue_78_validate_does_not_fallback_to_legacy_when_current_is_invalid
[     0.3s] tests/cli_runtime/test_workbench.py::TestCliWorkbench::test_workbench_copy_help_exposes_only_current_source_scope_and_target
[     0.3s] tests/cli_runtime/test_workbench.py::TestCliWorkbench::test_workbench_copy_rejects_unpublished_source_and_scope_routes[--from]
[     0.3s] tests/cli_runtime/test_workbench.py::TestCliWorkbench::test_workbench_copy_rejects_unpublished_source_and_scope_routes[--root]
[     0.3s] tests/cli_runtime/test_workbench.py::TestCliWorkbench::test_workbench_copy_rejects_unpublished_source_and_scope_routes[--date]
[     0.3s] tests/cli_runtime/test_workbench.py::TestCliWorkbench::test_workbench_copy_rejects_unpublished_source_and_scope_routes[--path]
[     0.3s] tests/cli_runtime/test_workbench.py::TestCliWorkbench::test_workbench_copy_uses_target_scope_record_and_keeps_output_content_free
[     0.3s] tests/cli_runtime/test_workbench.py::TestCliWorkbench::test_workbench_copy_selector_failure_uses_content_free_workbench_shape
[     0.3s] tests/cli_runtime/test_workbench.py::TestCliWorkbench::test_workbench_copy_invalid_scope_uses_stable_content_free_shape
[     0.3s] tests/cli_runtime/test_workbench.py::TestCliWorkbench::test_workbench_copy_reports_no_source_without_changing_existing_target
[     0.3s] tests/cli_runtime/test_workbench.py::TestCliWorkbench::test_workbench_copy_accepts_empty_source_workbench
[     0.3s] tests/cli_runtime/test_workbench.py::TestCliWorkbench::test_workbench_copy_rejects_malformed_roots_without_external_impact[source-file]
[     0.3s] tests/cli_runtime/test_workbench.py::TestCliWorkbench::test_workbench_copy_rejects_malformed_roots_without_external_impact[target-file]
[     0.3s] tests/cli_runtime/test_workbench.py::TestCliWorkbench::test_workbench_copy_rejects_malformed_roots_without_external_impact[source-symlink]
[     0.3s] tests/cli_runtime/test_workbench.py::TestCliWorkbench::test_workbench_copy_rejects_malformed_roots_without_external_impact[target-symlink]
[     0.3s] tests/cli_runtime/test_workbench.py::TestCliWorkbench::test_workbench_copy_rejects_symlinked_target_specdock_before_external_read_or_write
[     0.3s] tests/cli_runtime/test_workbench.py::TestCliWorkbench::test_copied_workbench_readme_and_payloads_remain_opaque_to_runtime_commands
[     0.3s] tests/cli_runtime/test_workbench.py::TestCliWorkbench::test_linked_worktree_checkout_and_manual_copy_preserve_identical_readme_and_move_only_ignored_payload
[     0.3s] tests/cli_runtime/test_workbench.py::TestCliWorkbench::test_workbench_copy_preserves_opaque_source_wins_for_divergent_readme
[     0.3s] tests/cli_runtime/test_worktree.py::TestCliWorktree::test_worktree_record_payload_includes_classification_diagnostics
[     0.3s] tests/cli_runtime/test_worktree.py::TestCliWorktree::test_worktree_create_requires_env_without_side_effects
[     0.3s] tests/cli_runtime/test_worktree.py::TestCliWorktree::test_worktree_create_rejects_blank_env_without_side_effects
[     0.3s] tests/cli_runtime/test_worktree.py::TestCliWorktree::test_worktree_create_uses_central_root_auto_id_and_branch
[     0.3s] tests/cli_runtime/test_worktree.py::TestCliWorktree::test_worktree_create_retries_collisions_and_accepts_label
[     0.3s] tests/cli_runtime/test_worktree.py::TestCliWorktree::test_worktree_create_retries_auto_id_collisions
[     0.3s] tests/cli_runtime/test_worktree.py::TestCliWorktree::test_worktree_create_rejects_relative_root_without_side_effects
[     0.3s] tests/cli_runtime/test_worktree.py::TestCliWorktree::test_worktree_create_rejects_file_root_without_side_effects
[     0.3s] tests/cli_runtime/test_worktree.py::TestCliWorktree::test_worktree_create_rejects_broken_symlink_root_without_side_effects
[     0.3s] tests/cli_runtime/test_worktree.py::TestCliWorktree::test_worktree_create_accepts_directory_symlink_root
[     0.3s] tests/cli_runtime/test_worktree.py::TestCliWorktree::test_worktree_create_expands_tilde_root
[     0.3s] tests/cli_runtime/test_worktree.py::TestCliWorktree::test_worktree_create_rejects_invalid_labels_without_creating_worktree
[     0.3s] tests/cli_runtime/test_worktree.py::TestCliWorktree::test_worktree_create_help_exposes_optional_label
[     0.3s] tests/cli_runtime/test_worktree.py::TestCliWorktree::test_worktree_remove_help_uses_all_worktree_wording
[     0.3s] tests/cli_runtime/test_worktree.py::TestCliWorktree::test_worktree_create_uses_current_branch_with_slash_for_branch_prefix
[     0.3s] tests/cli_runtime/test_worktree.py::TestCliWorktree::test_worktree_create_runs_make_init_when_available
[     0.3s] tests/cli_runtime/test_worktree.py::TestCliWorktree::test_worktree_create_keeps_worktree_when_make_init_fails
[     0.3s] tests/cli_runtime/test_worktree.py::TestCliWorktree::test_worktree_create_keeps_worktree_when_make_init_detection_fails
[     0.3s] tests/cli_runtime/test_worktree.py::TestCliWorktree::test_worktree_create_fails_from_detached_head
[     0.3s] tests/cli_runtime/test_worktree.py::TestCliWorktree::test_worktree_create_fails_outside_git_repo
[     0.3s] tests/cli_runtime/test_worktree.py::TestCliWorktree::test_worktree_create_fails_when_namespace_path_is_file
[     0.3s] tests/cli_runtime/test_worktree.py::TestCliWorktree::test_worktree_create_treats_non_collision_git_add_failure_as_fatal
[     0.3s] tests/cli_runtime/test_worktree.py::TestCliWorktree::test_worktree_create_retries_git_add_collision
[     0.3s] tests/cli_runtime/test_worktree.py::TestCliWorktree::test_worktree_create_normalizes_container_from_linked_worktree
[     0.3s] tests/cli_runtime/test_worktree.py::TestCliWorktree::test_worktree_list_and_show_json_resolve_agent_targets
[     0.3s] tests/cli_runtime/test_worktree.py::TestCliWorktree::test_worktree_list_and_show_json_succeed_when_root_is_missing
[     0.3s] tests/cli_runtime/test_worktree.py::TestCliWorktree::test_worktree_json_commands_report_unavailable_classification_for_invalid_root_variants
[     0.3s] tests/cli_runtime/test_worktree.py::TestCliWorktree::test_worktree_list_json_classifies_unmanaged_worktree
[     0.3s] tests/cli_runtime/test_worktree.py::TestCliWorktree::test_worktree_remove_clean_managed_target_keeps_branch
[     0.3s] tests/cli_runtime/test_worktree.py::TestCliWorktree::test_worktree_remove_untracked_default_removes_directory_and_keeps_branch
[     0.3s] tests/cli_runtime/test_worktree.py::TestCliWorktree::test_worktree_remove_deletes_nonempty_workbench_without_special_blocker
[     0.3s] tests/cli_runtime/test_worktree.py::TestCliWorktree::test_worktree_remove_tracked_modification_default_removes_directory_and_keeps_branch
[     0.3s] tests/cli_runtime/test_worktree.py::TestCliWorktree::test_worktree_remove_force_compatibility_removes_dirty_directory
[     0.3s] tests/cli_runtime/test_worktree.py::TestCliWorktree::test_worktree_remove_locked_default_and_force_share_contract
[     0.3s] tests/cli_runtime/test_worktree.py::TestCliWorktree::test_worktree_remove_rejects_branch_target_and_invalid_root_without_side_effects
[     0.3s] tests/cli_runtime/test_worktree.py::TestCliWorktree::test_worktree_remove_rejects_main_and_delete_alias
[     0.3s] tests/cli_runtime/test_worktree.py::TestCliWorktree::test_worktree_remove_rejects_current_unmanaged_and_ambiguous_targets
[     0.3s] tests/cli_runtime/test_worktree.py::TestCliWorktree::test_worktree_remove_external_paths_are_not_blocked_by_managed_namespace_containment
[     0.3s] tests/cli_runtime/test_worktree.py::TestCliWorktree::test_worktree_remove_cleans_leftover_directory_and_reports_cleanup_failure
[     0.3s] tests/cli_runtime/test_worktree.py::TestCliWorktree::test_worktree_remove_git_failure_does_not_cleanup_target
[     0.3s] tests/cli_runtime/test_worktree.py::TestCliWorktree::test_worktree_remove_locked_default_uses_force_equivalent_git_call
[     0.3s] tests/cli_runtime/test_worktree.py::TestCliWorktree::test_worktree_remove_uses_target_only_cleanup_for_remaining_directory
[     0.3s] tests/cli_runtime/test_worktree.py::TestCliWorktree::test_worktree_remove_reports_target_cleanup_failures
[     0.3s] tests/cli_runtime/test_worktree.py::TestCliWorktree::test_fs_remove_target_unlinks_symlink_broken_symlink_and_regular_file
[     0.3s] tests/cli_runtime/test_worktree.py::TestCliWorktree::test_fs_remove_target_reports_lstat_unlink_rmtree_and_unsupported_failures
[     0.3s] tests/cli_runtime/test_worktree.py::TestCliWorktree::test_worktree_remove_ambiguous_basename_stops_before_git_remove
[     0.3s] tests/cli_runtime/test_worktree.py::TestCliWorktree::test_worktree_target_resolver_boundary_preserves_selector_semantics
[     0.3s] tests/cli_runtime/test_worktree.py::TestCliWorktree::test_worktree_remove_re_resolves_target_after_final_git_refresh
[     0.3s] tests/cli_runtime/test_worktree.py::TestCliWorktree::test_worktree_remove_hard_blockers_stop_before_git_remove_even_with_force
[     0.3s] tests/cli_runtime/test_worktree.py::TestCliWorktree::test_worktree_remove_treats_broken_symlink_target_as_existing
[     0.3s] tests/cli_runtime/test_worktree.py::TestCliWorktree::test_worktree_invalid_root_reads_git_records_before_classification
[     0.3s] tests/cli_runtime/test_worktree.py::TestCliWorktree::test_worktree_inventory_reports_stale_records_and_duplicate_ids
[     0.3s] tests/cli_runtime/test_wrappers.py::TestCliRulesContract::test_new_nodes_create_rules_symlinks_and_no_wrappers
[     0.3s] tests/cli_runtime/test_wrappers.py::TestCliRulesContract::test_new_artifact_numbering_and_validate_ignore_initiative_artifact_rules_symlink
[     0.3s] tests/cli_runtime/test_wrappers.py::TestCliRulesContract::test_new_artifact_numbering_and_validate_ignore_epic_artifact_rules_symlink
[     0.3s] tests/cli_runtime/test_wrappers.py::TestCliRulesContract::test_new_artifact_numbering_and_validate_ignore_issue_artifact_rules_symlink
[     0.3s] tests/cli_runtime/test_wrappers.py::TestCliRulesContract::test_validate_rejects_symlinked_artifacts_dir
[     0.3s] tests/cli_runtime/test_wrappers.py::TestCliRulesContract::test_runtime_entrypoint_fails_fast_when_runtime_module_missing
[     0.3s] tests/integration/test_discovery.py::TestIntegrationDiscoverySmoke::test_integration_package_markers_exist[integration]
[     0.3s] tests/integration/test_discovery.py::TestIntegrationDiscoverySmoke::test_integration_package_markers_exist[integration/git_remote]
[     0.3s] tests/integration/test_discovery.py::TestIntegrationDiscoverySmoke::test_integration_package_markers_exist[integration/github]
[     0.3s] tests/integration/test_epic_00343_distribution.py::test_tc_346_s01_001_candidate_wheel_receipt
[     0.3s] tests/integration/test_epic_00343_distribution.py::test_tc_346_s01_002_candidate_wheel_inventory
[     0.3s] tests/integration/test_epic_00343_distribution.py::test_tc_360_s80_wheel_and_sdist_catalog_bytes_and_modes_match_provider
[     0.3s] tests/integration/test_epic_00343_distribution.py::test_tc_360_s80_wheel_and_sdist_fresh_and_updated_consumers_match_provider
[     0.3s] tests/integration/test_epic_00343_distribution.py::test_tc_346_s01_003_isolated_wheel_origin_rejects_checkout_fallback
[     0.3s] tests/integration/test_epic_00343_distribution.py::test_tc_346_s01_004_fresh_consumer_installed_shell_and_generic_import
[     0.3s] tests/integration/test_epic_00343_distribution.py::test_tc_346_s02_001_existing_consumer_fixture_is_valid_without_readmes
[     0.3s] tests/integration/test_epic_00343_distribution.py::test_tc_346_s02_002_existing_consumer_update_preserves_data_without_backfill
[     0.3s] tests/integration/test_epic_00343_distribution.py::test_tc_346_s02_003_existing_consumer_future_nodes_receive_workbench_shell
[     0.3s] tests/integration/test_epic_00343_distribution.py::test_tc_346_s02_004_existing_consumer_illegal_preexisting_readme_is_rejected
[     0.3s] tests/integration/test_epic_00343_distribution.py::test_tc_346_s03_001_wheel_installed_four_target_import
[     0.3s] tests/integration/test_epic_00343_distribution.py::test_tc_346_s03_002_external_and_nested_cwd_privacy
[     0.3s] tests/integration/test_epic_00343_distribution.py::test_tc_346_s03_003_actual_cross_filesystem_source
[     0.3s] tests/integration/test_epic_00343_distribution.py::test_tc_346_s04_004_disposable_exact_dogfood_update_keeps_epic_00343_unbackfilled
[     0.3s] tests/integration/test_epic_00343_distribution.py::test_tc_346_s04_005_disposable_dogfood_future_shell_and_generic_import
[     0.3s] tests/unit/application/test_binary_artifact_import_ports.py::test_explicit_file_guard_and_publisher_use_separate_narrow_ports
[     0.3s] tests/unit/application/test_binary_artifact_import_ports.py::test_explicit_source_lease_close_failure_is_no_throw_and_idempotent
[     0.3s] tests/unit/application/test_check_deps.py::TestCheckDepsApplication::test_repo_scoped_target_resolution_matches_set_active_without_ports[exact_over_legacy-example-repo-iss-00302-None]
[     0.3s] tests/unit/application/test_check_deps.py::TestCheckDepsApplication::test_repo_scoped_target_resolution_matches_set_active_without_ports[foreign_legacy_fallback-foreign-repo-iss-00302-None]
[     0.3s] tests/unit/application/test_check_deps.py::TestCheckDepsApplication::test_repo_scoped_target_resolution_matches_set_active_without_ports[missing-foreign-repo-None-No node found]
[     0.3s] tests/unit/application/test_check_deps.py::TestCheckDepsApplication::test_repo_scoped_target_resolution_matches_set_active_without_ports[ambiguous_legacy-foreign-repo-None-Ambiguous]
[     0.3s] tests/unit/application/test_check_deps.py::TestCheckDepsApplication::test_no_github_uses_cached_status_and_last_sync_without_fetching_github
[     0.3s] tests/unit/application/test_check_deps.py::TestCheckDepsApplication::test_effective_depends_on_merges_parents_and_dedups_without_cli
[     0.3s] tests/unit/application/test_check_deps.py::TestCheckDepsApplication::test_effective_depends_on_merges_epic_and_initiative_without_cli
[     0.3s] tests/unit/application/test_check_deps.py::TestCheckDepsApplication::test_deps_check_fails_raw_node_preflight_before_empty_container_ready
[     0.3s] tests/unit/application/test_check_deps.py::TestCheckDepsApplication::test_deps_check_blocks_empty_initiative_direct_node_dependency
[     0.3s] tests/unit/application/test_check_deps.py::TestCheckDepsApplication::test_deps_check_keeps_direct_node_status_separate_from_issue_readiness
[     0.3s] tests/unit/application/test_check_deps.py::TestCheckDepsApplication::test_no_github_missing_cache_defaults_to_unknown_and_blocks
[     0.3s] tests/unit/application/test_check_deps.py::TestCheckDepsApplication::test_github_index_incomplete_warns_and_leaves_missing_dependency_unknown
[     0.3s] tests/unit/application/test_check_deps.py::TestCheckDepsApplication::test_github_fetch_failure_warns_and_blocks_on_unknown_dependency
[     0.3s] tests/unit/application/test_check_deps.py::TestCheckDepsApplication::test_github_snapshots_drive_ready_and_blocked_states_without_cli
[     0.3s] tests/unit/application/test_check_deps.py::TestCheckDepsApplication::test_deps_check_passes_empty_open_high_level_context_to_readiness
[     0.3s] tests/unit/application/test_check_deps.py::TestCheckDepsApplication::test_deps_check_exposes_satisfied_closed_high_level_context
[     0.3s] tests/unit/application/test_check_deps.py::TestCheckDepsApplication::test_deps_check_exposes_satisfied_open_high_level_context_when_descendants_done
[     0.3s] tests/unit/application/test_check_deps.py::TestCheckDepsApplication::test_no_github_uses_cached_high_level_github_state_from_sync_artifact
[     0.3s] tests/unit/application/test_check_deps.py::TestCheckDepsApplication::test_github_linked_empty_high_level_dependency_without_cache_fails_unknown
[     0.3s] tests/unit/application/test_check_deps.py::TestCheckDepsApplication::test_local_empty_high_level_dependency_preserves_open_status
[     0.3s] tests/unit/application/test_check_deps.py::TestCheckDepsApplication::test_local_high_level_default_open_does_not_mask_done_descendant_aggregate
[     0.3s] tests/unit/application/test_import_file_artifact.py::test_root_import_commits_opaque_bytes_after_source_guard
[     0.3s] tests/unit/application/test_import_file_artifact.py::test_source_guard_failure_precedes_root_artifact_setup
[     0.3s] tests/unit/application/test_import_file_artifact.py::test_existing_artifacts_rules_creation_is_bound_to_opened_directory
[     0.3s] tests/unit/application/test_import_file_artifact.py::test_undecodable_source_basename_is_content_free_stable_failure
[     0.3s] tests/unit/application/test_import_file_artifact.py::test_unknown_source_guard_fault_is_precommit_runtime_failed_without_private_detail
[     0.3s] tests/unit/application/test_import_file_artifact.py::test_missing_or_kind_mismatched_target_precedes_source_guard_and_setup[999-nodes0]
[     0.3s] tests/unit/application/test_import_file_artifact.py::test_missing_or_kind_mismatched_target_precedes_source_guard_and_setup[init-00301-nodes1]
[     0.3s] tests/unit/application/test_import_file_artifact.py::test_generic_markdown_filename_is_not_a_malformed_typed_candidate
[     0.3s] tests/unit/application/test_import_file_artifact.py::test_publication_warning_maps_to_committed_retry_not_needed[warning_codes0-committed]
[     0.3s] tests/unit/application/test_import_file_artifact.py::test_publication_warning_maps_to_committed_retry_not_needed[warning_codes1-committed_with_warning]
[     0.3s] tests/unit/application/test_import_file_artifact.py::test_publication_warning_maps_to_committed_retry_not_needed[warning_codes2-committed_with_warning]
[     0.3s] tests/unit/application/test_import_file_artifact.py::test_create_lock_release_fault_after_commit_is_warning_and_not_retryable
[     0.3s] tests/unit/application/test_import_file_artifact.py::test_known_precommit_os_faults_are_runtime_failed_and_safe_to_retry[create_lock]
[     0.3s] tests/unit/application/test_import_file_artifact.py::test_known_precommit_os_faults_are_runtime_failed_and_safe_to_retry[artifact_setup]
[     0.3s] tests/unit/application/test_import_file_artifact.py::test_result_destination_is_validated_before_publisher_commit
[     0.3s] tests/unit/application/test_import_file_artifact.py::test_noncooperative_destination_race_rescans_and_preserves_cleanup_state
[     0.3s] tests/unit/application/test_import_file_artifact.py::test_cooperative_same_timestamp_imports_receive_distinct_slots
[     0.3s] tests/unit/application/test_import_file_artifact.py::test_shared_slot_exhaustion_is_not_committed_and_does_not_call_publisher
[     0.3s] tests/unit/application/test_import_file_artifact.py::test_noncooperative_race_exhaustion_keeps_retained_cleanup_and_closes_once
[     0.3s] tests/unit/application/test_import_file_artifact.py::test_fresh_target_name_max_failure_is_precommit_and_rolls_back_setup[limits0]
[     0.3s] tests/unit/application/test_import_file_artifact.py::test_fresh_target_name_max_failure_is_precommit_and_rolls_back_setup[limits1]
[     0.3s] tests/unit/application/test_import_file_artifact.py::test_fresh_target_same_name_max_identity_replacement_fails_before_publisher[target]
[     0.3s] tests/unit/application/test_import_file_artifact.py::test_fresh_target_same_name_max_identity_replacement_fails_before_publisher[artifacts]
[     0.3s] tests/unit/application/test_import_file_artifact.py::test_fresh_rules_link_replacement_fails_closed_without_deleting_replacement[wrong-during_create]
[     0.3s] tests/unit/application/test_import_file_artifact.py::test_fresh_rules_link_replacement_fails_closed_without_deleting_replacement[wrong-after_setup]
[     0.3s] tests/unit/application/test_import_file_artifact.py::test_fresh_rules_link_replacement_fails_closed_without_deleting_replacement[broken-during_create]
[     0.3s] tests/unit/application/test_import_file_artifact.py::test_fresh_rules_link_replacement_fails_closed_without_deleting_replacement[broken-after_setup]
[     0.3s] tests/unit/application/test_import_file_artifact.py::test_fresh_rules_link_replacement_fails_closed_without_deleting_replacement[alternate-during_create]
[     0.3s] tests/unit/application/test_import_file_artifact.py::test_fresh_rules_link_replacement_fails_closed_without_deleting_replacement[alternate-after_setup]
[     0.3s] tests/unit/application/test_import_file_artifact.py::test_rules_link_rollback_preserves_reused_inode_replacement_with_new_ctime
[     0.3s] tests/unit/application/test_import_file_artifact.py::test_rules_link_rollback_preserves_same_identity_replacement_without_unlink
[     0.3s] tests/unit/application/test_set_active.py::TestSetActiveApplication::test_set_active_resolves_id_and_repo_scoped_github_target_without_cli
[     0.3s] tests/unit/application/test_set_active.py::TestSetActiveApplication::test_set_active_all_selectors_avoid_readiness_github_and_git_ports[node_id]
[     0.3s] tests/unit/application/test_set_active.py::TestSetActiveApplication::test_set_active_all_selectors_avoid_readiness_github_and_git_ports[github_issue]
[     0.3s] tests/unit/application/test_set_active.py::TestSetActiveApplication::test_set_active_all_selectors_avoid_readiness_github_and_git_ports[repo_github_issue]
[     0.3s] tests/unit/application/test_set_active.py::TestSetActiveApplication::test_repo_scoped_github_target_infers_single_unscoped_legacy_node_without_git
[     0.3s] tests/unit/application/test_set_active.py::TestSetActiveApplication::test_repo_scoped_github_target_reports_not_found_or_ambiguous_without_writing[0]
[     0.3s] tests/unit/application/test_set_active.py::TestSetActiveApplication::test_repo_scoped_github_target_reports_not_found_or_ambiguous_without_writing[2]
[     0.3s] tests/unit/application/test_set_active.py::TestSetActiveApplication::test_internal_checkout_request_preserves_issue_start_compatibility
[     0.3s] tests/unit/application/test_set_active.py::TestSetActiveApplication::test_active_manifest_and_context_pack_are_structural_only
[     0.3s] tests/unit/application/test_set_active.py::TestSetActiveApplication::test_commit_active_state_rolls_back_every_write_phase_to_legacy_snapshot[crlf_files-True-manifest]
[     0.3s] tests/unit/application/test_set_active.py::TestSetActiveApplication::test_commit_active_state_rolls_back_every_write_phase_to_legacy_snapshot[crlf_files-True-pointers]
[     0.3s] tests/unit/application/test_set_active.py::TestSetActiveApplication::test_commit_active_state_rolls_back_every_write_phase_to_legacy_snapshot[crlf_files-True-managed]
[     0.3s] tests/unit/application/test_set_active.py::TestSetActiveApplication::test_commit_active_state_rolls_back_every_write_phase_to_legacy_snapshot[crlf_files-False-manifest]
[     0.3s] tests/unit/application/test_set_active.py::TestSetActiveApplication::test_commit_active_state_rolls_back_every_write_phase_to_legacy_snapshot[crlf_files-False-pointers]
[     0.3s] tests/unit/application/test_set_active.py::TestSetActiveApplication::test_commit_active_state_rolls_back_every_write_phase_to_legacy_snapshot[crlf_files-False-managed]
[     0.3s] tests/unit/application/test_set_active.py::TestSetActiveApplication::test_commit_active_state_rolls_back_every_write_phase_to_legacy_snapshot[symlinks-True-manifest]
[     0.3s] tests/unit/application/test_set_active.py::TestSetActiveApplication::test_commit_active_state_rolls_back_every_write_phase_to_legacy_snapshot[symlinks-True-pointers]
[     0.3s] tests/unit/application/test_set_active.py::TestSetActiveApplication::test_commit_active_state_rolls_back_every_write_phase_to_legacy_snapshot[symlinks-True-managed]
[     0.3s] tests/unit/application/test_set_active.py::TestSetActiveApplication::test_commit_active_state_rolls_back_every_write_phase_to_legacy_snapshot[symlinks-False-manifest]
[     0.3s] tests/unit/application/test_set_active.py::TestSetActiveApplication::test_commit_active_state_rolls_back_every_write_phase_to_legacy_snapshot[symlinks-False-pointers]
[     0.3s] tests/unit/application/test_set_active.py::TestSetActiveApplication::test_commit_active_state_rolls_back_every_write_phase_to_legacy_snapshot[symlinks-False-managed]
[     0.3s] tests/unit/application/test_set_active.py::TestSetActiveApplication::test_commit_active_state_rolls_back_agent_manifest_verbatim[crlf_file-manifest]
[     0.3s] tests/unit/application/test_set_active.py::TestSetActiveApplication::test_commit_active_state_rolls_back_agent_manifest_verbatim[crlf_file-pointers]
[     0.3s] tests/unit/application/test_set_active.py::TestSetActiveApplication::test_commit_active_state_rolls_back_agent_manifest_verbatim[crlf_file-managed]
[     0.3s] tests/unit/application/test_set_active.py::TestSetActiveApplication::test_commit_active_state_rolls_back_agent_manifest_verbatim[symlink-manifest]
[     0.3s] tests/unit/application/test_set_active.py::TestSetActiveApplication::test_commit_active_state_rolls_back_agent_manifest_verbatim[symlink-pointers]
[     0.3s] tests/unit/application/test_set_active.py::TestSetActiveApplication::test_commit_active_state_rolls_back_agent_manifest_verbatim[symlink-managed]
[     0.3s] tests/unit/application/test_set_active.py::TestSetActiveApplication::test_commit_active_state_rejects_hard_linked_managed_json_before_mutation[active.json-False]
[     0.3s] tests/unit/application/test_set_active.py::TestSetActiveApplication::test_commit_active_state_rejects_hard_linked_managed_json_before_mutation[index.json-False]
[     0.3s] tests/unit/application/test_set_active.py::TestSetActiveApplication::test_commit_active_state_rejects_hard_linked_managed_json_before_mutation[tree.json-True]
[     0.3s] tests/unit/application/test_set_active.py::TestSetActiveApplication::test_commit_active_state_accepts_single_link_managed_json[single_link_file]
[     0.3s] tests/unit/application/test_set_active.py::TestSetActiveApplication::test_commit_active_state_accepts_single_link_managed_json[single_link_symlink]
[     0.3s] tests/unit/application/test_set_active.py::TestSetActiveApplication::test_commit_active_state_rolls_back_root_symlink_and_external_projection[manifest]
[     0.3s] tests/unit/application/test_set_active.py::TestSetActiveApplication::test_commit_active_state_rolls_back_root_symlink_and_external_projection[pointers]
[     0.3s] tests/unit/application/test_set_active.py::TestSetActiveApplication::test_commit_active_state_rolls_back_root_symlink_and_external_projection[managed]
[     0.3s] tests/unit/application/test_set_active.py::TestSetActiveApplication::test_commit_active_state_rolls_back_all_managed_agent_files_verbatim[crlf_files-manifest]
[     0.3s] tests/unit/application/test_set_active.py::TestSetActiveApplication::test_commit_active_state_rolls_back_all_managed_agent_files_verbatim[crlf_files-pointers]
[     0.3s] tests/unit/application/test_set_active.py::TestSetActiveApplication::test_commit_active_state_rolls_back_all_managed_agent_files_verbatim[crlf_files-managed]
[     0.3s] tests/unit/application/test_set_active.py::TestSetActiveApplication::test_commit_active_state_rolls_back_all_managed_agent_files_verbatim[dangling_symlinks-manifest]
[     0.3s] tests/unit/application/test_set_active.py::TestSetActiveApplication::test_commit_active_state_rolls_back_all_managed_agent_files_verbatim[dangling_symlinks-pointers]
[     0.3s] tests/unit/application/test_set_active.py::TestSetActiveApplication::test_commit_active_state_rolls_back_all_managed_agent_files_verbatim[dangling_symlinks-managed]
[     0.3s] tests/unit/application/test_set_active.py::TestSetActiveApplication::test_commit_active_state_rolls_back_all_managed_agent_files_verbatim[existing_symlinks-manifest]
[     0.3s] tests/unit/application/test_set_active.py::TestSetActiveApplication::test_commit_active_state_rolls_back_all_managed_agent_files_verbatim[existing_symlinks-pointers]
[     0.3s] tests/unit/application/test_set_active.py::TestSetActiveApplication::test_commit_active_state_rolls_back_all_managed_agent_files_verbatim[existing_symlinks-managed]
[     0.3s] tests/unit/application/test_set_active.py::TestSetActiveApplication::test_commit_active_state_rolls_back_directory_path_trees_verbatim[manifest]
[     0.3s] tests/unit/application/test_set_active.py::TestSetActiveApplication::test_commit_active_state_rolls_back_directory_path_trees_verbatim[pointers]
[     0.3s] tests/unit/application/test_set_active.py::TestSetActiveApplication::test_commit_active_state_rolls_back_directory_path_trees_verbatim[managed]
[     0.3s] tests/unit/application/test_validate.py::TestValidateApplication::test_discussion_doc_parser_catalog_handles_hyphenated_and_existing_types
[     0.3s] tests/unit/application/test_validate.py::TestValidateApplication::test_discussion_doc_malformed_candidates_remain_fail_closed
[     0.3s] tests/unit/application/test_validate.py::TestValidateApplication::test_validate_tree_reports_missing_required_artifact_docs_without_cli
[     0.3s] tests/unit/application/test_validate.py::TestValidateApplication::test_validate_tree_reports_missing_required_meta_without_cli
[     0.3s] tests/unit/application/test_validate.py::TestValidateApplication::test_validate_tree_legacy_evidence_invariance_does_not_read_content[thin_report-report.md-]
[     0.3s] tests/unit/application/test_validate.py::TestValidateApplication::test_validate_tree_legacy_evidence_invariance_does_not_read_content[heavy_report-report.md-# Report\n\nhistorical detail\nhistorical detail\nhistorical detail\nhistorical detail\nhistorical detail\nhistorical detail\nhistorical detail\nhistorical detail\nhistorical detail\nhistorical detail\nhistorical detail\nhistorical detail\nhistorical detail\nhistorical detail\nhistorical detail\nhistorical detail\nhistorical detail\nhistorical detail\nhistorical detail\nhistorical detail\nhistorical detail\nhistorical detail\nhistorical detail\nhistorical detail\nhistorical detail\nhistorical detail\nhistorical detail\nhistorical detail\nhistorical detail\nhistorical detail\nhistorical detail\nhistorical detail\nhistorical detail\nhistorical detail\nhistorical detail\nhistorical detail\nhistorical detail\nhistorical detail\nhistorical detail\nhistorical detail\nhistorical detail\nhistorical detail\nhistorical detail\nhistorical detail\nhistorical detail\nhistorical detail\nhistorical detail\nhistorical detail\nhistorical detail\nhistorical detail\nhistorical detail\nhistorical detail\nhistorical detail\nhistorical detail\nhistorical detail\nhistorical detail\nhistorical detail\nhistorical detail\nhistorical detail\nhistorical detail\nhistorical detail\nhistorical detail\nhistorical detail\nhistorical detail\n]
[     0.3s] tests/unit/application/test_validate.py::TestValidateApplication::test_validate_tree_legacy_evidence_invariance_does_not_read_content[evidence_adoption_ledger-report.md-# Report\n\n## Evidence Adoption Ledger\n\n| ID | adoption_status | target_artifact | next_action |\n|---|---|---|---|\n| EAL-S09 | blocked | design.md | historical only |\n]
[     0.3s] tests/unit/application/test_validate.py::TestValidateApplication::test_validate_tree_legacy_evidence_invariance_does_not_read_content[delegated_authority-design.md----\nstatus: draft\nauthority: proposed\ngrants: [implementation_start]\napproval: pending-main-promotion\n---\n# Design\n]
[     0.3s] tests/unit/application/test_validate.py::TestValidateApplication::test_validate_tree_legacy_evidence_invariance_does_not_read_content[planning_level-plan.md-# Plan\n\nPlanning Level: critical\nReviewer gate: blocked\n]
[     0.3s] tests/unit/application/test_validate.py::TestValidateApplication::test_validate_tree_legacy_evidence_invariance_does_not_read_content[assurance-.assurance.json-{"authorized_profile":"critical","grade":"blocked"}\n]
[     0.3s] tests/unit/application/test_validate.py::TestValidateApplication::test_validate_tree_legacy_evidence_invariance_does_not_read_content[draft_artifact-artifacts/20260810t010101z-draft-plan-historical.md----\nauthority: proposed\n---\n# Historical draft\n]
[     0.3s] tests/unit/application/test_validate.py::TestValidateApplication::test_validate_tree_legacy_evidence_invariance_does_not_read_content[repair_artifact-artifacts/20260810t010102z-pr-repair-batch-historical.md-# Historical repair batch\n\nreviewer: blocked\n]
[     0.3s] tests/unit/application/test_validate.py::TestValidateApplication::test_validate_graph_reports_linkage_and_parent_diagnostics_without_cli
[     0.3s] tests/unit/application/test_workbench.py::test_copy_resolves_same_scope_id_independently_when_slugs_differ
[     0.3s] tests/unit/application/test_workbench.py::test_copy_normalizes_trimmed_uppercase_scope_id
[     0.3s] tests/unit/application/test_workbench.py::test_invalid_scope_identifier_is_stable_and_precedes_inventory[init-local-00003]
[     0.3s] tests/unit/application/test_workbench.py::test_invalid_scope_identifier_is_stable_and_precedes_inventory[task-00003]
[     0.3s] tests/unit/application/test_workbench.py::test_invalid_scope_identifier_is_stable_and_precedes_inventory[3]
[     0.3s] tests/unit/application/test_workbench.py::test_scope_failure_is_side_specific_and_precedes_copy[source-records_override0-None]
[     0.3s] tests/unit/application/test_workbench.py::test_scope_failure_is_side_specific_and_precedes_copy[target-records_override1-None]
[     0.3s] tests/unit/application/test_workbench.py::test_scope_failure_is_side_specific_and_precedes_copy[source-duplicate-None]
[     0.3s] tests/unit/application/test_workbench.py::test_scope_failure_is_side_specific_and_precedes_copy[target-duplicate-None]
[     0.3s] tests/unit/application/test_workbench.py::test_scope_failure_is_side_specific_and_precedes_copy[source-None-malformed metadata body]
[     0.3s] tests/unit/application/test_workbench.py::test_scope_failure_is_side_specific_and_precedes_copy[target-None-malformed metadata body]
[     0.3s] tests/unit/application/test_workbench.py::test_target_ineligibility_precedes_scope_loading_and_copy[current]
[     0.3s] tests/unit/application/test_workbench.py::test_target_ineligibility_precedes_scope_loading_and_copy[bare]
[     0.3s] tests/unit/application/test_workbench.py::test_target_ineligibility_precedes_scope_loading_and_copy[path_missing]
[     0.3s] tests/unit/application/test_workbench.py::test_missing_source_workbench_is_no_source_without_target_mutation[missing]
[     0.3s] tests/unit/application/test_workbench.py::test_missing_source_workbench_is_no_source_without_target_mutation[directory]
[     0.3s] tests/unit/application/test_workbench.py::test_empty_source_workbench_is_success_and_enters_copy_after_preflight
[     0.3s] tests/unit/application/test_workbench.py::test_malformed_workbench_root_fails_before_copy[source-file]
[     0.3s] tests/unit/application/test_workbench.py::test_malformed_workbench_root_fails_before_copy[source-symlink]
[     0.3s] tests/unit/application/test_workbench.py::test_malformed_workbench_root_fails_before_copy[target-file]
[     0.3s] tests/unit/application/test_workbench.py::test_malformed_workbench_root_fails_before_copy[target-symlink]
[     0.3s] tests/unit/application/test_workbench.py::test_ancestry_guard_failure_is_unsafe_path_before_copy
[     0.3s] tests/unit/application/test_workbench.py::test_scope_ancestor_symlink_is_rejected_before_external_metadata_reader_runs[initiative]
[     0.3s] tests/unit/application/test_workbench.py::test_scope_ancestor_symlink_is_rejected_before_external_metadata_reader_runs[epic]
[     0.3s] tests/unit/application/test_workbench.py::test_scope_ancestor_symlink_is_rejected_before_external_metadata_reader_runs[issue]
[     0.3s] tests/unit/application/test_workbench.py::test_unexpected_metadata_symlink_is_rejected_before_external_reader_runs[initiatives-root]
[     0.3s] tests/unit/application/test_workbench.py::test_unexpected_metadata_symlink_is_rejected_before_external_reader_runs[unexpected-directory]
[     0.3s] tests/unit/application/test_workbench.py::test_copy_failure_is_mapped_without_raw_error_or_success[False]
[     0.3s] tests/unit/application/test_workbench.py::test_copy_failure_is_mapped_without_raw_error_or_success[True]
[     0.3s] tests/unit/application/test_workbench.py::test_scope_outside_its_worktree_is_rejected_before_scope_path_inspection[source]
[     0.3s] tests/unit/application/test_workbench.py::test_scope_outside_its_worktree_is_rejected_before_scope_path_inspection[target]
[     0.3s] tests/unit/cli/test_cli.py::TestCliTestTreeSplitS12::test_test_module_inventory_exists
[     0.3s] tests/unit/cli/test_cli.py::TestCliTestTreeSplitS12::test_regular_package_discovery_contract
[     0.3s] tests/unit/cli/test_cli.py::TestCliTestTreeSplitS12::test_command_grouping_contains_critical_inventory
[     0.3s] tests/unit/cli/test_cli_smoke.py::TestCliSmoke::test_active_set_legacy_flag_reports_parser_error
[     0.3s] tests/unit/cli/test_cli_smoke.py::TestCliSmoke::test_active_set_by_id_succeeds_through_runtime_subprocess
[     0.3s] tests/unit/commands/test_artifact_import_file.py::test_artifact_import_file_help_and_minimal_parser_contract
[     0.3s] tests/unit/commands/test_artifact_import_file.py::test_artifact_import_file_rejects_missing_or_ambiguous_target[argv0]
[     0.3s] tests/unit/commands/test_artifact_import_file.py::test_artifact_import_file_rejects_missing_or_ambiguous_target[argv1]
[     0.3s] tests/unit/commands/test_artifact_import_file.py::test_artifact_import_file_rejects_missing_or_ambiguous_target[argv2]
[     0.3s] tests/unit/commands/test_artifact_import_file.py::test_artifact_import_file_rejects_missing_or_ambiguous_target[argv3]
[     0.3s] tests/unit/commands/test_artifact_import_file.py::test_zero_or_multiple_targets_never_dispatch_or_mutate_source_and_destination[argv0]
[     0.3s] tests/unit/commands/test_artifact_import_file.py::test_zero_or_multiple_targets_never_dispatch_or_mutate_source_and_destination[argv1]
[     0.3s] tests/unit/commands/test_artifact_import_file.py::test_artifact_import_file_run_uses_separate_request_and_renderer
[     0.3s] tests/unit/commands/test_artifact_import_file.py::test_unknown_command_fault_is_redacted_without_fabricating_publication_state
[     0.3s] tests/unit/commands/test_artifact_import_file.py::test_provider_specific_chatgpt_import_backend_is_absent
[     0.3s] tests/unit/commands/test_runtime_new_s08.py::TestRuntimeNewS08::test_planning_regression_create_plan_contains_all_candidates
[     0.3s] tests/unit/commands/test_runtime_new_s08.py::TestRuntimeNewS08::test_execution_regression_and_write_order
[     0.3s] tests/unit/commands/test_runtime_new_s08.py::TestRuntimeNewS08::test_two_layer_transaction_publishes_payload_between_held_directories
[     0.3s] tests/unit/commands/test_runtime_new_s08.py::TestRuntimeNewS08::test_two_layer_transaction_failure_matrix[outer_mkdir-False]
[     0.3s] tests/unit/commands/test_runtime_new_s08.py::TestRuntimeNewS08::test_two_layer_transaction_failure_matrix[outer_open-True]
[     0.3s] tests/unit/commands/test_runtime_new_s08.py::TestRuntimeNewS08::test_two_layer_transaction_failure_matrix[outer_fstat-True]
[     0.3s] tests/unit/commands/test_runtime_new_s08.py::TestRuntimeNewS08::test_two_layer_transaction_failure_matrix[outer_fstatat-True]
[     0.3s] tests/unit/commands/test_runtime_new_s08.py::TestRuntimeNewS08::test_two_layer_transaction_failure_matrix[payload_mkdir-False]
[     0.3s] tests/unit/commands/test_runtime_new_s08.py::TestRuntimeNewS08::test_two_layer_transaction_failure_matrix[payload_open-True]
[     0.3s] tests/unit/commands/test_runtime_new_s08.py::TestRuntimeNewS08::test_two_layer_transaction_failure_matrix[payload_fstat-True]
[     0.3s] tests/unit/commands/test_runtime_new_s08.py::TestRuntimeNewS08::test_two_layer_transaction_failure_matrix[payload_fstatat-True]
[     0.3s] tests/unit/commands/test_runtime_new_s08.py::TestRuntimeNewS08::test_two_layer_transaction_failure_matrix[copy-False]
[     0.3s] tests/unit/commands/test_runtime_new_s08.py::TestRuntimeNewS08::test_two_layer_transaction_failure_matrix[rules-False]
[     0.3s] tests/unit/commands/test_runtime_new_s08.py::TestRuntimeNewS08::test_two_layer_transaction_failure_matrix[meta-False]
[     0.3s] tests/unit/commands/test_runtime_new_s08.py::TestRuntimeNewS08::test_two_layer_transaction_failure_matrix[rename-False]
[     0.3s] tests/unit/commands/test_runtime_new_s08.py::TestRuntimeNewS08::test_canonical_collision_preserves_existing_entry[file]
[     0.3s] tests/unit/commands/test_runtime_new_s08.py::TestRuntimeNewS08::test_canonical_collision_preserves_existing_entry[directory]
[     0.3s] tests/unit/commands/test_runtime_new_s08.py::TestRuntimeNewS08::test_canonical_collision_preserves_existing_entry[symlink]
[     0.3s] tests/unit/commands/test_runtime_new_s08.py::TestRuntimeNewS08::test_concurrent_same_canonical_plan_publishes_one_complete_tree
[     0.3s] tests/unit/commands/test_runtime_new_s08.py::TestRuntimeNewS08::test_destination_parent_open_failure_happens_before_destination_claim
[     0.3s] tests/unit/commands/test_runtime_new_s08.py::TestRuntimeNewS08::test_committed_destination_parent_close_failure_does_not_invert_success
[     0.3s] tests/unit/commands/test_runtime_new_s08.py::TestRuntimeNewS08::test_fresh_node_create_does_not_access_assurance_file
[     0.3s] tests/unit/commands/test_runtime_new_s08.py::TestRuntimeNewS08::test_full_candidate_set_no_write_preflight_collision
[     0.3s] tests/unit/commands/test_runtime_new_s08.py::TestRuntimeNewS08::test_collision_on_meta_is_no_write
[     0.3s] tests/unit/commands/test_runtime_new_s08.py::TestRuntimeNewS08::test_broken_rules_symlink_collision_is_no_write
[     0.3s] tests/unit/commands/test_runtime_new_s08.py::TestRuntimeNewS08::test_empty_rules_parent_path_collision_is_no_write_preflight
[     0.3s] tests/unit/commands/test_runtime_new_s08.py::TestRuntimeNewS08::test_missing_rules_source_is_no_write
[     0.3s] tests/unit/commands/test_runtime_new_s08.py::TestRuntimeNewS08::test_symlink_creation_capability_preflight_fails_before_copy
[     0.3s] tests/unit/commands/test_runtime_new_s08.py::TestRuntimeNewS08::test_symlinked_rules_parent_dir_collision_is_no_write_preflight
[     0.3s] tests/unit/commands/test_runtime_new_s08.py::TestRuntimeNewS08::test_per_kind_parity_create_local
[     0.3s] tests/unit/commands/test_runtime_new_s08.py::TestRuntimeNewS08::test_parallel_create_initiative_allocates_unique_github_ids
[     0.3s] tests/unit/commands/test_runtime_new_s08.py::TestRuntimeNewS08::test_parallel_create_epic_allocates_unique_github_ids
[     0.3s] tests/unit/commands/test_runtime_new_s08.py::TestRuntimeNewS08::test_parallel_create_issue_allocates_unique_github_ids
[     0.3s] tests/unit/commands/test_runtime_new_s08.py::TestRuntimeNewS08::test_github_issue_create_delay_does_not_block_parallel_link_existing_create
[     0.3s] tests/unit/commands/test_runtime_new_s08.py::TestRuntimeNewS08::test_github_issue_create_pre_lock_window_rerevalidates_parent_state
[     0.3s] tests/unit/commands/test_runtime_new_s08.py::TestRuntimeNewS08::test_github_issue_create_pre_lock_window_rerevalidates_github_uniqueness_state
[     0.3s] tests/unit/commands/test_runtime_new_s08.py::TestRuntimeNewS08::test_issue_create_lock_failure_after_github_create_reports_retry_link_guidance
[     0.3s] tests/unit/commands/test_runtime_new_s08.py::TestRuntimeNewS08::test_issue_create_write_seam_failure_after_github_create_reports_retry_link_guidance
[     0.3s] tests/unit/commands/test_runtime_new_s08.py::TestRuntimeNewS08::test_issue_create_partial_copy_failure_rolls_back_and_reports_retry_link_guidance
[     0.3s] tests/unit/commands/test_runtime_new_s08.py::TestRuntimeNewS08::test_outer_name_replacement_after_identity_preserves_competitor
[     0.3s] tests/unit/commands/test_runtime_new_s08.py::TestRuntimeNewS08::test_outer_identity_capture_failure_preserves_unverified_hidden_entry_and_allows_retry
[     0.3s] tests/unit/commands/test_runtime_new_s08.py::TestRuntimeNewS08::test_outer_replacement_before_identity_confirmation_preserves_competitor
[     0.3s] tests/unit/commands/test_runtime_new_s08.py::TestRuntimeNewS08::test_node_reader_fallback_without_fd_writer_fails_content_free
[     0.3s] tests/unit/commands/test_runtime_new_s08.py::TestRuntimeNewS08::test_meta_zero_write_rolls_back_transaction_and_allows_retry
[     0.3s] tests/unit/commands/test_runtime_new_s08.py::TestRuntimeNewS08::test_missing_no_replace_capability_fails_before_destination_parent_write
[     0.3s] tests/unit/commands/test_runtime_new_s08.py::TestRuntimeNewS08::test_identity_bound_writes_preserve_competitor_tree_on_path_replacement[parent-copy]
[     0.3s] tests/unit/commands/test_runtime_new_s08.py::TestRuntimeNewS08::test_identity_bound_writes_preserve_competitor_tree_on_path_replacement[parent-rules]
[     0.3s] tests/unit/commands/test_runtime_new_s08.py::TestRuntimeNewS08::test_identity_bound_writes_preserve_competitor_tree_on_path_replacement[parent-meta]
[     0.3s] tests/unit/commands/test_runtime_new_s08.py::TestRuntimeNewS08::test_identity_bound_writes_preserve_competitor_tree_on_path_replacement[destination-copy]
[     0.3s] tests/unit/commands/test_runtime_new_s08.py::TestRuntimeNewS08::test_identity_bound_writes_preserve_competitor_tree_on_path_replacement[destination-rules]
[     0.3s] tests/unit/commands/test_runtime_new_s08.py::TestRuntimeNewS08::test_identity_bound_writes_preserve_competitor_tree_on_path_replacement[destination-meta]
[     0.3s] tests/unit/commands/test_runtime_new_s08.py::TestRuntimeNewS08::test_issue_create_meta_write_failure_rolls_back_and_reports_retry_link_guidance
[     0.3s] tests/unit/commands/test_runtime_new_s08.py::TestRuntimeNewS08::test_import_partial_write_failure_reports_doctor_first_guidance
[     0.3s] tests/unit/commands/test_runtime_new_s08.py::TestRuntimeNewS08::test_issue_create_cleanup_failure_after_local_write_reports_doctor_first_guidance
[     0.3s] tests/unit/commands/test_runtime_new_s08.py::TestRuntimeNewS08::test_issue_create_body_and_cleanup_failure_keeps_outcome_guidance
[     0.3s] tests/unit/commands/test_runtime_new_s08.py::TestRuntimeNewS08::test_issue_create_post_write_guard_failure_after_local_write_reports_doctor_first_guidance
[     0.3s] tests/unit/commands/test_runtime_new_s08.py::TestRuntimeNewS08::test_issue_create_post_write_guard_and_cleanup_failure_reports_doctor_first_guidance
[     0.3s] tests/unit/commands/test_runtime_new_s08.py::TestRuntimeNewS08::test_issue_create_pure_input_validation_fails_before_github_create
[     0.3s] tests/unit/commands/test_runtime_new_s08.py::TestRuntimeNewS08::test_issue_create_repo_scope_precheck_failures_happen_before_github_create_or_local_write
[     0.3s] tests/unit/commands/test_runtime_new_s08.py::TestRuntimeNewS08::test_issue_create_with_canonical_origin_scope_still_succeeds
[     0.3s] tests/unit/commands/test_runtime_new_s08.py::TestRuntimeNewS08::test_initiative_link_existing_first_node_binds_current_repo_scope
[     0.3s] tests/unit/commands/test_runtime_new_s08.py::TestRuntimeNewS08::test_issue_link_existing_same_repo_scope_succeeds_and_persists_canonical_scope
[     0.3s] tests/unit/commands/test_runtime_new_s08.py::TestRuntimeNewS08::test_issue_link_existing_rejects_explicit_cross_repo_target
[     0.3s] tests/unit/commands/test_runtime_new_s08.py::TestRuntimeNewS08::test_plan_node_creation_rejects_cross_repo_overlap_without_local_fallback
[     0.3s] tests/unit/commands/test_runtime_new_s08.py::TestRuntimeNewS08::test_issue_create_gateway_failure_is_pre_github_fail_without_created_issue_hint
[     0.3s] tests/unit/commands/test_runtime_new_s08.py::TestRuntimeNewS08::test_github_create_parent_precheck_fails_before_github_create
[     0.3s] tests/unit/commands/test_runtime_new_s08.py::TestRuntimeNewS08::test_github_create_local_parent_path_collision_fails_before_github_create
[     0.3s] tests/unit/commands/test_runtime_new_s08.py::TestRuntimeNewS08::test_github_create_missing_rules_source_fails_before_github_create
[     0.3s] tests/unit/commands/test_runtime_new_s08.py::TestRuntimeNewS08::test_github_create_symlink_preflight_fails_before_github_create
[     0.3s] tests/unit/commands/test_runtime_new_s08.py::TestRuntimeNewS08::test_github_create_graph_preflight_fails_before_github_create_for_initiative
[     0.3s] tests/unit/commands/test_runtime_new_s08.py::TestRuntimeNewS08::test_initiative_and_epic_post_create_failures_report_retry_link_guidance
[     0.3s] tests/unit/commands/test_runtime_new_s08.py::TestRuntimeNewS08::test_create_lock_contention_timeout_is_no_write_and_reports_metadata
[     0.3s] tests/unit/commands/test_runtime_new_s08.py::TestRuntimeNewS08::test_create_lock_stale_is_no_write_and_reports_metadata
[     0.3s] tests/unit/commands/test_runtime_new_s08.py::TestRuntimeNewS08::test_create_lock_metadata_write_failure_cleans_orphan_lock
[     0.3s] tests/unit/commands/test_runtime_new_s08.py::TestRuntimeNewS08::test_create_fails_when_release_unlink_fails
[     0.3s] tests/unit/commands/test_runtime_new_s08.py::TestRuntimeNewS08::test_github_mode_default_create_matrix
[     0.3s] tests/unit/commands/test_runtime_new_s08.py::TestRuntimeNewS08::test_execute_create_plan_reuse_seam
[     0.3s] tests/unit/commands/test_runtime_new_s08.py::TestRuntimeNewS08::test_renderer_text_regression
[     0.3s] tests/unit/commands/test_runtime_new_s08.py::TestRuntimeNewS08::test_command_new_initiative_smoke
[     0.3s] tests/unit/domain/test_active.py::TestActiveDomain::test_select_active_chain_resolves_missing_layers_as_placeholders_without_cli
[     0.3s] tests/unit/domain/test_active.py::TestActiveDomain::test_branch_decision_falls_back_to_id_for_non_ascii_or_invalid_slug_without_git
[     0.3s] tests/unit/domain/test_active.py::TestActiveDomain::test_infer_active_node_from_branch_prefers_repo_scoped_issue_match_without_cli
[     0.3s] tests/unit/domain/test_artifacts.py::test_current_creatable_artifact_catalog_is_exact
[     0.3s] tests/unit/domain/test_artifacts.py::test_existing_timestamp_typed_historical_catalog_is_recognized_without_becoming_creatable[20260810t010101z-pr-repair-batch-review-fix.md-pr-repair-batch]
[     0.3s] tests/unit/domain/test_artifacts.py::test_existing_timestamp_typed_historical_catalog_is_recognized_without_becoming_creatable[20260810t010102z-draft-requirement-requirement.md-draft-requirement]
[     0.3s] tests/unit/domain/test_artifacts.py::test_existing_timestamp_typed_historical_catalog_is_recognized_without_becoming_creatable[20260810t010103z-draft-design-design.md-draft-design]
[     0.3s] tests/unit/domain/test_artifacts.py::test_existing_timestamp_typed_historical_catalog_is_recognized_without_becoming_creatable[20260810t010104z-draft-plan-plan.md-draft-plan]
[     0.3s] tests/unit/domain/test_artifacts.py::test_existing_timestamp_typed_historical_catalog_is_recognized_without_becoming_creatable[20260810t010105z-scratch-capture.md-scratch]
[     0.3s] tests/unit/domain/test_artifacts.py::test_existing_timestamp_typed_historical_catalog_is_recognized_without_becoming_creatable[20260810t010106z-note-handoff.md-note]
[     0.3s] tests/unit/domain/test_artifacts.py::test_existing_sequential_historical_catalog_is_explicitly_recognized[001-adr-token-rotation.md-adr]
[     0.3s] tests/unit/domain/test_artifacts.py::test_existing_sequential_historical_catalog_is_explicitly_recognized[002-disc-api-options.md-disc]
[     0.3s] tests/unit/domain/test_artifacts.py::test_existing_sequential_historical_catalog_is_explicitly_recognized[003-note-kickoff-memo.md-note]
[     0.3s] tests/unit/domain/test_artifacts.py::test_existing_generic_import_catalog_is_recognized_as_opaque_identity[20260810t010107z--Report FINAL.PDF]
[     0.3s] tests/unit/domain/test_artifacts.py::test_existing_generic_import_catalog_is_recognized_as_opaque_identity[20260810t010107z-07--opaque.md]
[     0.3s] tests/unit/domain/test_artifacts.py::test_existing_catalog_rejects_timestamp_intent_and_sequential_controls[20260810T010101z-adr-upper-t.md]
[     0.3s] tests/unit/domain/test_artifacts.py::test_existing_catalog_rejects_timestamp_intent_and_sequential_controls[20260810t010101Z-adr-upper-z.md]
[     0.3s] tests/unit/domain/test_artifacts.py::test_existing_catalog_rejects_timestamp_intent_and_sequential_controls[20260810t010101-adr-missing-z.md]
[     0.3s] tests/unit/domain/test_artifacts.py::test_existing_catalog_rejects_timestamp_intent_and_sequential_controls[20260810t010101z_analysis-bad-separator.md]
[     0.3s] tests/unit/domain/test_artifacts.py::test_existing_catalog_rejects_timestamp_intent_and_sequential_controls[20260810t010101z-.md]
[     0.3s] tests/unit/domain/test_artifacts.py::test_existing_catalog_rejects_timestamp_intent_and_sequential_controls[20260810t01010z-adr-short-time.md]
[     0.3s] tests/unit/domain/test_artifacts.py::test_existing_catalog_rejects_timestamp_intent_and_sequential_controls[20261340t256199z-adr-impossible-time.md]
[     0.3s] tests/unit/domain/test_artifacts.py::test_existing_catalog_rejects_timestamp_intent_and_sequential_controls[20260810t010101z-00-note-bad-slot.md]
[     0.3s] tests/unit/domain/test_artifacts.py::test_existing_catalog_rejects_timestamp_intent_and_sequential_controls[20260810t010101z-100-note-bad-slot.md]
[     0.3s] tests/unit/domain/test_artifacts.py::test_existing_catalog_rejects_timestamp_intent_and_sequential_controls[001-scratch-not-in-sequential-catalog.md]
[     0.3s] tests/unit/domain/test_artifacts.py::test_existing_timestamp_markdown_with_unknown_type_like_label_is_accepted_as_untyped[20260811t091549z-analysis-operational-state-eventstore-readmodel-boundary.md]
[     0.3s] tests/unit/domain/test_artifacts.py::test_existing_timestamp_markdown_with_unknown_type_like_label_is_accepted_as_untyped[20260811t095606z-analysis-event-sourcing-synchronous-current-state-projection.md]
[     0.3s] tests/unit/domain/test_artifacts.py::test_existing_timestamp_markdown_with_unknown_type_like_label_is_accepted_as_untyped[20260811t113200z-analysis-existing-projection-uow-reuse.md]
[     0.3s] tests/unit/domain/test_artifacts.py::test_existing_timestamp_markdown_with_unknown_type_like_label_is_accepted_as_untyped[20260811t113201z-report-validation-result.md]
[     0.3s] tests/unit/domain/test_artifacts.py::test_existing_timestamp_markdown_with_unknown_type_like_label_is_accepted_as_untyped[20260811t113202z-review-final-gate.md]
[     0.3s] tests/unit/domain/test_artifacts.py::test_existing_timestamp_markdown_with_unknown_type_like_label_is_accepted_as_untyped[20260811t113203z-external-document.md]
[     0.3s] tests/unit/domain/test_artifacts.py::test_historical_tokens_are_not_misclassified_as_blank_slugs
[     0.3s] tests/unit/domain/test_artifacts.py::test_sequential_historical_duplicate_id_remains_actionable
[     0.3s] tests/unit/domain/test_artifacts.py::test_out_of_band_non_markdown_attachment_is_distinct_from_generic_import_and_managed_malformed_candidate
[     0.3s] tests/unit/domain/test_artifacts.py::test_invalid_generic_import_intent_is_malformed_independent_of_extension[20260230t120000z--capture.html]
[     0.3s] tests/unit/domain/test_artifacts.py::test_invalid_generic_import_intent_is_malformed_independent_of_extension[20260810t010101z-00--capture.bin]
[     0.3s] tests/unit/domain/test_artifacts.py::test_invalid_generic_import_intent_is_malformed_independent_of_extension[20260810t010101z-100--capture.json]
[     0.3s] tests/unit/domain/test_artifacts.py::test_invalid_generic_import_intent_is_malformed_independent_of_extension[20260810t010101z--]
[     0.3s] tests/unit/domain/test_artifacts.py::test_invalid_generic_import_intent_is_malformed_independent_of_extension[20260810t010101z--unsafe\nname.html]
[     0.3s] tests/unit/domain/test_artifacts.py::test_invalid_generic_import_intent_is_malformed_independent_of_extension[20260810t010101z--unsafe\u200bname.html]
[     0.3s] tests/unit/domain/test_artifacts.py::test_generic_intent_does_not_expand_to_single_hyphen_non_markdown_or_directory
[     0.3s] tests/unit/domain/test_artifacts.py::test_invalid_generic_import_intent_with_representable_path_separator_is_malformed
[     0.3s] tests/unit/domain/test_artifacts.py::test_generic_parser_rejects_surrogate_escaped_basename_as_malformed
[     0.3s] tests/unit/domain/test_artifacts.py::test_generic_parser_round_trips_without_changing_typed_blank_grammar
[     0.3s] tests/unit/domain/test_artifacts.py::test_safe_generic_basename_is_preserved_exactly[Report FINAL.PDF]
[     0.3s] tests/unit/domain/test_artifacts.py::test_safe_generic_basename_is_preserved_exactly[archive.tar.gz]
[     0.3s] tests/unit/domain/test_artifacts.py::test_safe_generic_basename_is_preserved_exactly[README]
[     0.3s] tests/unit/domain/test_artifacts.py::test_safe_generic_basename_is_preserved_exactly[.env]
[     0.3s] tests/unit/domain/test_artifacts.py::test_safe_generic_basename_is_preserved_exactly[\u7d50\u5408\u0301-\u8cc7\u6599.txt]
[     0.3s] tests/unit/domain/test_artifacts.py::test_safe_generic_basename_is_preserved_exactly[\u7d75\u6587\u5b57-\U0001f600.ZIP]
[     0.3s] tests/unit/domain/test_artifacts.py::test_safe_generic_basename_is_preserved_exactly[Case.txt]
[     0.3s] tests/unit/domain/test_artifacts.py::test_safe_generic_basename_is_preserved_exactly[case.txt]
[     0.3s] tests/unit/domain/test_artifacts.py::test_safe_generic_basename_is_preserved_exactly[posix\\backslash.bin]
[     0.3s] tests/unit/domain/test_artifacts.py::test_undecodable_generic_basename_is_rejected_as_domain_error
[     0.3s] tests/unit/domain/test_artifacts.py::test_unsafe_and_overlong_basename_is_deterministic_utf8_and_name_max_safe
[     0.3s] tests/unit/domain/test_artifacts.py::test_overlong_basename_preserves_longest_extension_chain_that_fits_with_stem
[     0.3s] tests/unit/domain/test_artifacts.py::test_shared_slot_ledger_scans_direct_child_names_across_all_families
[     0.3s] tests/unit/domain/test_artifacts.py::test_shared_slot_exhaustion_is_bounded_without_mutation
[     0.3s] tests/unit/domain/test_deps.py::TestDepsDomain::test_inspect_target_deps_classifies_ready_blocked_done_and_unknown_without_cli
[     0.3s] tests/unit/domain/test_deps.py::TestDepsDomain::test_effective_deps_merge_issue_epic_and_initiative_edges_without_cli
[     0.3s] tests/unit/domain/test_deps.py::TestDepsDomain::test_evaluate_readiness_blocks_empty_open_high_level_dependency
[     0.3s] tests/unit/domain/test_deps.py::TestDepsDomain::test_evaluate_readiness_records_empty_closed_high_level_dependency_as_satisfied
[     0.3s] tests/unit/domain/test_deps.py::TestDepsDomain::test_evaluate_readiness_records_expanded_all_done_high_level_dependency_as_satisfied
[     0.3s] tests/unit/domain/test_deps.py::TestDepsDomain::test_evaluate_readiness_fails_closed_for_empty_unknown_high_level_dependency
[     0.3s] tests/unit/domain/test_deps.py::TestDepsDomain::test_evaluate_readiness_fails_closed_for_unknown_descendant_high_level_dependency
[     0.3s] tests/unit/domain/test_deps.py::TestDepsDomain::test_evaluate_readiness_records_done_descendant_high_level_dependency_as_satisfied
[     0.3s] tests/unit/domain/test_deps.py::TestDepsDomain::test_evaluate_readiness_records_open_descendant_high_level_dependency_as_blocking
[     0.3s] tests/unit/domain/test_deps.py::TestDepsDomain::test_evaluate_readiness_suppresses_descendant_blockers_for_closed_high_level_dependency
[     0.3s] tests/unit/domain/test_deps.py::TestDepsDomain::test_evaluate_readiness_keeps_direct_issue_dependency_when_closed_high_level_also_references_it
[     0.3s] tests/unit/domain/test_deps.py::TestDepsDomain::test_evaluate_readiness_keeps_open_high_level_path_when_closed_high_level_also_references_issue
[     0.3s] tests/unit/domain/test_deps.py::TestDepsDomain::test_evaluate_readiness_fails_closed_for_unknown_high_level_lifecycle_even_when_descendants_done
[     0.3s] tests/unit/domain/test_deps.py::TestDepsDomain::test_evaluate_readiness_uses_unknown_descendant_as_blocker_surface_for_unknown_high_level
[     0.3s] tests/unit/domain/test_deps.py::TestDepsDomain::test_evaluate_readiness_does_not_apply_node_blockers_to_done_source_issue
[     0.3s] tests/unit/domain/test_deps.py::TestDepsDomain::test_evaluate_readiness_does_not_apply_node_blockers_to_closed_source_issue
[     0.3s] tests/unit/domain/test_deps.py::TestDepsDomain::test_raw_node_dependency_cycle_between_empty_epics_is_rejected
[     0.3s] tests/unit/domain/test_deps.py::TestDepsDomain::test_raw_node_dependency_future_cycle_through_target_descendant_is_rejected
[     0.3s] tests/unit/domain/test_deps.py::TestDepsDomain::test_raw_node_dependency_candidate_rejects_target_container_future_cycle
[     0.3s] tests/unit/domain/test_deps.py::TestDepsDomain::test_raw_node_dependency_candidate_rejects_ancestor_container
[     0.3s] tests/unit/domain/test_deps.py::TestDepsDomain::test_raw_node_dependency_candidate_rejects_descendant
[     0.3s] tests/unit/domain/test_deps.py::TestDepsDomain::test_raw_node_dependency_candidate_rejects_self_dependency
[     0.3s] tests/unit/domain/test_runtime_domain_s01.py::TestRuntimeDomainS01::test_domain_ids_title_helpers
[     0.3s] tests/unit/domain/test_runtime_domain_s01.py::TestRuntimeDomainS01::test_domain_ids_parse_format_helpers
[     0.3s] tests/unit/domain/test_runtime_domain_s01.py::TestRuntimeDomainS01::test_domain_ids_deps_sort_key_helper
[     0.3s] tests/unit/domain/test_runtime_domain_s01.py::TestRuntimeDomainS01::test_build_graph_from_node_seeds
[     0.3s] tests/unit/domain/test_runtime_domain_s01.py::TestRuntimeDomainS01::test_validate_graph_and_deps_detects_structural_error
[     0.3s] tests/unit/domain/test_runtime_domain_s01.py::TestRuntimeDomainS01::test_legacy_ids_module_delegates_to_domain
[     0.3s] tests/unit/domain/test_runtime_domain_s01.py::TestRuntimeDomainS01::test_app_validate_nodes_delegates_to_domain_validation
[     0.3s] tests/unit/domain/test_runtime_domain_s01.py::TestRuntimeDomainS01::test_app_validate_github_issue_numbers_unique_delegates_to_domain_validation
[     0.3s] tests/unit/domain/test_runtime_domain_s01.py::TestRuntimeDomainS01::test_domain_modules_have_no_shell_io_imports
[     0.3s] tests/unit/domain/test_runtime_domain_s03.py::TestRuntimeDomainS03::test_validate_graph_rejects_local_only_initiative_under_github_mandatory_contract
[     0.3s] tests/unit/domain/test_runtime_domain_s03.py::TestRuntimeDomainS03::test_validate_graph_rejects_legacy_unscoped_issue_linkage
[     0.3s] tests/unit/domain/test_runtime_domain_s03.py::TestRuntimeDomainS03::test_validate_graph_rejects_partially_scoped_issue_linkage
[     0.3s] tests/unit/domain/test_runtime_domain_s03.py::TestRuntimeDomainS03::test_validate_graph_relaxed_mode_still_rejects_partially_scoped_issue_linkage
[     0.3s] tests/unit/domain/test_runtime_domain_s03.py::TestRuntimeDomainS03::test_validate_graph_allows_explicit_foreign_issue_linkage
[     0.3s] tests/unit/domain/test_runtime_domain_s03.py::TestRuntimeDomainS03::test_infer_active_node_from_branch_prefers_current_repo_under_numeric_overlap
[     0.3s] tests/unit/domain/test_runtime_domain_s03.py::TestRuntimeDomainS03::test_infer_active_node_from_branch_keeps_fail_closed_when_current_repo_unknown
[     0.3s] tests/unit/domain/test_runtime_domain_s03.py::TestRuntimeDomainS03::test_infer_active_node_from_branch_keeps_explicit_id_priority_over_numeric_fallback
[     0.3s] tests/unit/domain/test_runtime_domain_s03.py::TestRuntimeDomainS03::test_infer_active_node_from_branch_fails_closed_on_foreign_only_numeric_match_with_known_scope
[     0.3s] tests/unit/domain/test_runtime_domain_s03.py::TestRuntimeDomainS03::test_infer_active_node_from_branch_fails_closed_on_scoped_numeric_ambiguity
[     0.3s] tests/unit/domain/test_runtime_domain_s03.py::TestRuntimeDomainS03::test_resolve_issue_statuses_selects_source
[     0.3s] tests/unit/domain/test_runtime_domain_s03.py::TestRuntimeDomainS03::test_build_progress_map_aggregates_counts
[     0.3s] tests/unit/domain/test_runtime_domain_s03.py::TestRuntimeDomainS03::test_resolve_issue_statuses_local_only_is_deterministic_open
[     0.3s] tests/unit/domain/test_runtime_domain_s03.py::TestRuntimeDomainS03::test_build_effective_deps_map_merges_parent_dependencies
[     0.3s] tests/unit/domain/test_runtime_domain_s03.py::TestRuntimeDomainS03::test_evaluate_readiness_uses_explicit_issue_depends_on_map
[     0.3s] tests/unit/domain/test_runtime_domain_s03.py::TestRuntimeDomainS03::test_evaluate_readiness_reports_unknown_guard_reason
[     0.3s] tests/unit/domain/test_runtime_domain_s03.py::TestRuntimeDomainS03::test_inspect_target_deps_active_decoration_only
[     0.3s] tests/unit/domain/test_runtime_domain_s03.py::TestRuntimeDomainS03::test_build_deps_state_and_cycle_validation
[     0.3s] tests/unit/domain/test_runtime_domain_s03.py::TestRuntimeDomainS03::test_domain_modules_have_no_shell_io_imports
[     0.3s] tests/unit/infra/test_active_store.py::TestActiveStoreInfra::test_write_manifest_prefers_agent_active_and_prunes_legacy_work_files
[     0.3s] tests/unit/infra/test_active_store.py::TestActiveStoreInfra::test_write_manifest_serializes_exact_minimal_schema_v2
[     0.3s] tests/unit/infra/test_active_store.py::TestActiveStoreInfra::test_legacy_extra_fields_are_tolerated_without_rewriting_bytes
[     0.3s] tests/unit/infra/test_active_store.py::TestActiveStoreInfra::test_apply_active_pointers_uses_repo_relative_paths_and_placeholders_without_cli
[     0.3s] tests/unit/infra/test_active_store.py::TestActiveStoreInfra::test_apply_active_pointers_refuses_generated_projection_directories
[     0.3s] tests/unit/infra/test_active_store.py::TestActiveStoreInfra::test_patch_agent_state_updates_cached_active_fields_without_rebuilding_indexes
[     0.3s] tests/unit/infra/test_artifact_templates.py::test_physical_catalog_current_catalog_is_exact_six
[     0.3s] tests/unit/infra/test_artifact_templates.py::test_current_artifact_templates_exist_are_nonempty_and_match_dogfood[blank]
[     0.3s] tests/unit/infra/test_artifact_templates.py::test_current_artifact_templates_exist_are_nonempty_and_match_dogfood[research]
[     0.3s] tests/unit/infra/test_artifact_templates.py::test_current_artifact_templates_exist_are_nonempty_and_match_dogfood[interview]
[     0.3s] tests/unit/infra/test_artifact_templates.py::test_current_artifact_templates_exist_are_nonempty_and_match_dogfood[disc]
[     0.3s] tests/unit/infra/test_artifact_templates.py::test_current_artifact_templates_exist_are_nonempty_and_match_dogfood[decision-candidate]
[     0.3s] tests/unit/infra/test_artifact_templates.py::test_current_artifact_templates_exist_are_nonempty_and_match_dogfood[adr]
[     0.3s] tests/unit/infra/test_artifact_templates.py::test_artifact_guide_exists_is_nonempty_and_matches_dogfood
[     0.3s] tests/unit/infra/test_artifact_templates.py::test_current_artifact_templates_distinguish_type_semantics[blank-expected_tokens0]
[     0.3s] tests/unit/infra/test_artifact_templates.py::test_current_artifact_templates_distinguish_type_semantics[research-expected_tokens1]
[     0.3s] tests/unit/infra/test_artifact_templates.py::test_current_artifact_templates_distinguish_type_semantics[interview-expected_tokens2]
[     0.3s] tests/unit/infra/test_artifact_templates.py::test_current_artifact_templates_distinguish_type_semantics[disc-expected_tokens3]
[     0.3s] tests/unit/infra/test_artifact_templates.py::test_current_artifact_templates_distinguish_type_semantics[decision-candidate-expected_tokens4]
[     0.3s] tests/unit/infra/test_artifact_templates.py::test_current_artifact_templates_distinguish_type_semantics[adr-expected_tokens5]
[     0.3s] tests/unit/infra/test_artifact_templates.py::test_blank_template_identity_does_not_constrain_filename_or_format
[     0.3s] tests/unit/infra/test_artifact_templates.py::test_non_adr_artifacts_route_adopted_content_to_durable_authority[blank]
[     0.3s] tests/unit/infra/test_artifact_templates.py::test_non_adr_artifacts_route_adopted_content_to_durable_authority[research]
[     0.3s] tests/unit/infra/test_artifact_templates.py::test_non_adr_artifacts_route_adopted_content_to_durable_authority[interview]
[     0.3s] tests/unit/infra/test_artifact_templates.py::test_non_adr_artifacts_route_adopted_content_to_durable_authority[disc]
[     0.3s] tests/unit/infra/test_artifact_templates.py::test_non_adr_artifacts_route_adopted_content_to_durable_authority[decision-candidate]
[     0.3s] tests/unit/infra/test_artifact_templates.py::test_adr_defaults_to_draft_and_preserves_accepted_mirror_fields
[     0.3s] tests/unit/infra/test_artifact_templates.py::test_artifact_guide_fixes_type_meanings_and_research_disc_boundary
[     0.3s] tests/unit/infra/test_artifact_templates.py::test_artifact_guide_preserves_durable_authority_flow
[     0.3s] tests/unit/infra/test_artifact_templates.py::test_artifact_guide_rejects_automatic_promotion_of_evidence_and_report
[     0.3s] tests/unit/infra/test_artifact_templates.py::test_historical_routes_are_not_current_and_retired_template_is_absent
[     0.3s] tests/unit/infra/test_artifact_templates.py::test_draft_document_state_and_adr_draft_authority_are_not_historical_routes
[     0.3s] tests/unit/infra/test_artifact_templates.py::test_current_artifact_assets_do_not_require_eal_provider_model_or_reviewer_workflow
[     0.3s] tests/unit/infra/test_artifact_templates.py::test_mandatory_workflow_detector_rejects_required_tools[EAL schema \u3092\u5fc5\u9808\u3068\u3057\u307e\u3059\u3002]
[     0.3s] tests/unit/infra/test_artifact_templates.py::test_mandatory_workflow_detector_rejects_required_tools[EAL schema \u306f\n\u5fc5\u9808\u3067\u3059\u3002]
[     0.3s] tests/unit/infra/test_artifact_templates.py::test_mandatory_workflow_detector_rejects_required_tools[\u6307\u5b9a reviewer workflow \u3092\u4f7f\u3063\u3066\u304f\u3060\u3055\u3044\u3002]
[     0.3s] tests/unit/infra/test_artifact_templates.py::test_mandatory_workflow_detector_rejects_required_tools[\u6307\u5b9a reviewer workflow \u306f\n\u8907\u6570\u884c\u306e\u8aac\u660e\u3092\u631f\u3093\u3067\u3082\n\u5fc5\u9808\u3067\u3059\u3002]
[     0.3s] tests/unit/infra/test_artifact_templates.py::test_mandatory_workflow_detector_rejects_required_tools[ChatGPT is required for promotion.]
[     0.3s] tests/unit/infra/test_artifact_templates.py::test_mandatory_workflow_detector_rejects_required_tools[A mandatory provider model must be selected.]
[     0.3s] tests/unit/infra/test_artifact_templates.py::test_mandatory_workflow_detector_rejects_required_tools[ChatGPT must be used.]
[     0.3s] tests/unit/infra/test_artifact_templates.py::test_mandatory_workflow_detector_rejects_required_tools[reviewer approval shall be obtained.]
[     0.3s] tests/unit/infra/test_artifact_templates.py::test_mandatory_workflow_detector_rejects_required_tools[An approved model must be used.]
[     0.3s] tests/unit/infra/test_artifact_templates.py::test_mandatory_workflow_detector_rejects_required_tools[A provider shall be selected.]
[     0.3s] tests/unit/infra/test_artifact_templates.py::test_mandatory_workflow_detector_rejects_required_tools[ChatGPT\u3092\u5fc5\u305a\u4f7f\u7528\u3059\u308b\u3002]
[     0.3s] tests/unit/infra/test_artifact_templates.py::test_mandatory_workflow_detector_rejects_required_tools[\u6307\u5b9a model \u3092\u5fc5\u305a\u5229\u7528\u3059\u308b\u3002]
[     0.3s] tests/unit/infra/test_artifact_templates.py::test_mandatory_workflow_detector_rejects_required_tools[EAL schema \u306f\u5fc5\u9808\u3067\u306f\u3042\u308a\u307e\u305b\u3093\u3002\n\u6307\u5b9a reviewer workflow \u306f\u5fc5\u9808\u3067\u3059\u3002]
[     0.3s] tests/unit/infra/test_artifact_templates.py::test_mandatory_workflow_detector_rejects_required_tools[ChatGPT is not required; reviewer approval must be obtained.]
[     0.3s] tests/unit/infra/test_artifact_templates.py::test_mandatory_workflow_detector_allows_explicitly_optional_tools[EAL schema \u306f\u5fc5\u9808\u3067\u306f\u3042\u308a\u307e\u305b\u3093\u3002]
[     0.3s] tests/unit/infra/test_artifact_templates.py::test_mandatory_workflow_detector_allows_explicitly_optional_tools[EAL schema \u306f\u5fc5\u9808\u3067\n\u306f\u3042\u308a\u307e\u305b\u3093\u3002]
[     0.3s] tests/unit/infra/test_artifact_templates.py::test_mandatory_workflow_detector_allows_explicitly_optional_tools[A provider is not required.]
[     0.3s] tests/unit/infra/test_artifact_templates.py::test_mandatory_workflow_detector_allows_explicitly_optional_tools[A provider is\nnot required.]
[     0.3s] tests/unit/infra/test_artifact_templates.py::test_mandatory_workflow_detector_allows_explicitly_optional_tools[model \u306e\u5229\u7528\u306f optional \u3067\u3059\u3002]
[     0.3s] tests/unit/infra/test_artifact_templates.py::test_mandatory_workflow_detector_allows_explicitly_optional_tools[reviewer workflow \u306f\u4efb\u610f\u3067\u3059\u3002]
[     0.3s] tests/unit/infra/test_artifact_templates.py::test_mandatory_workflow_detector_allows_explicitly_optional_tools[ChatGPT must not be used as authority.]
[     0.3s] tests/unit/infra/test_artifact_templates.py::test_mandatory_workflow_detector_allows_explicitly_optional_tools[ChatGPT is not required; the report must be complete.]
[     0.3s] tests/unit/infra/test_artifact_templates.py::test_relative_links_in_artifact_guide_resolve_when_present[root0]
[     0.3s] tests/unit/infra/test_artifact_templates.py::test_relative_links_in_artifact_guide_resolve_when_present[root1]
[     0.3s] tests/unit/infra/test_artifact_templates.py::test_templates_readme_stays_thin_without_restoring_legacy_artifact_workflow
[     0.3s] tests/unit/infra/test_artifact_templates.py::test_current_initiative_and_epic_artifact_rules_keep_historical_types_non_creatable
[     0.3s] tests/unit/infra/test_artifact_templates.py::test_current_issue_artifact_rules_keep_profile_routes_historical_only
[     0.3s] tests/unit/infra/test_authoring_kit_assets.py::test_s07_parity_owned_asset_manifest_is_exact_and_explicit
[     0.3s] tests/unit/infra/test_authoring_kit_assets.py::test_s07_parity_manifest_rejects_missing_extra_and_duplicate_rows
[     0.3s] tests/unit/infra/test_authoring_kit_assets.py::test_s07_parity_owned_assets_exist_and_match_dogfood_projection_byte_exact
[     0.3s] tests/unit/infra/test_authoring_kit_assets.py::test_s07_parity_detector_rejects_byte_drift
[     0.3s] tests/unit/infra/test_authoring_kit_assets.py::test_s07_all_owned_asset_relative_links_resolve[scaffold_root0]
[     0.3s] tests/unit/infra/test_authoring_kit_assets.py::test_s07_all_owned_asset_relative_links_resolve[scaffold_root1]
[     0.3s] tests/unit/infra/test_authoring_kit_assets.py::test_s07_relative_link_detector_rejects_broken_link
[     0.3s] tests/unit/infra/test_authoring_kit_assets.py::test_s08_preservation_fixture_has_exact_explicit_baseline_matrix
[     0.3s] tests/unit/infra/test_authoring_kit_assets.py::test_s08_preservation_copied_rows_remain_byte_exact_to_sources
[     0.3s] tests/unit/infra/test_authoring_kit_assets.py::test_s08_preservation_survives_s07_owned_asset_apply
[     0.3s] tests/unit/infra/test_authoring_kit_assets.py::test_s08_preservation_asset_apply_rejects_non_s07_manifest
[     0.3s] tests/unit/infra/test_authoring_kit_assets.py::test_s08_preservation_delta_detects_exact_intentional_mutation
[     0.3s] tests/unit/infra/test_authoring_kit_assets.py::test_s08_preservation_delta_detects_missing_and_unexpected_files
[     0.3s] tests/unit/infra/test_authoring_kit_assets.py::test_mandatory_workflow_patterns_reject_required_tools[\u7279\u5b9a\u306e agent \u3092\u4f7f\u7528\u3057\u3066\u304f\u3060\u3055\u3044\u3002]
[     0.3s] tests/unit/infra/test_authoring_kit_assets.py::test_mandatory_workflow_patterns_reject_required_tools[\u6307\u5b9a provider \u304c\u5fc5\u9808\u3067\u3059\u3002]
[     0.3s] tests/unit/infra/test_authoring_kit_assets.py::test_mandatory_workflow_patterns_reject_required_tools[\u7279\u5b9a\u306e model \u3092\u524d\u63d0\u3068\u3057\u307e\u3059\u3002]
[     0.3s] tests/unit/infra/test_authoring_kit_assets.py::test_mandatory_workflow_patterns_reject_required_tools[\u3053\u306e workflow \u3092\u5fc5\u9808\u3068\u3057\u307e\u3059\u3002]
[     0.3s] tests/unit/infra/test_authoring_kit_assets.py::test_mandatory_workflow_patterns_reject_required_tools[\u6307\u5b9a\u306e review \u624b\u9806\u3092\u4f7f\u3063\u3066\u304f\u3060\u3055\u3044\u3002]
[     0.3s] tests/unit/infra/test_authoring_kit_assets.py::test_mandatory_workflow_patterns_reject_required_tools[\u5fc5\u305a approved model \u3092\u5229\u7528\u3057\u307e\u3059\u3002]
[     0.3s] tests/unit/infra/test_authoring_kit_assets.py::test_mandatory_workflow_patterns_reject_required_tools[ChatGPT \u3092\u5fc5\u9808\u3068\u3057\u307e\u3059\u3002]
[     0.3s] tests/unit/infra/test_authoring_kit_assets.py::test_mandatory_workflow_patterns_reject_required_tools[GPT-5.6 \u3092\u4f7f\u7528\u3057\u3066\u304f\u3060\u3055\u3044\u3002]
[     0.3s] tests/unit/infra/test_authoring_kit_assets.py::test_mandatory_workflow_patterns_reject_required_tools[Codex \u3092\u524d\u63d0\u3068\u3057\u307e\u3059\u3002]
[     0.3s] tests/unit/infra/test_authoring_kit_assets.py::test_mandatory_workflow_patterns_allow_optional_tools[\u7279\u5b9a\u306e agent\u3001model\u3001provider\u3001review \u624b\u9806\u3092\u524d\u63d0\u306b\u3057\u307e\u305b\u3093\u3002]
[     0.3s] tests/unit/infra/test_authoring_kit_assets.py::test_mandatory_workflow_patterns_allow_optional_tools[\u5fc5\u8981\u306b\u5fdc\u3058\u3066\u4efb\u610f\u306e model \u3084 provider \u3092\u9078\u3079\u307e\u3059\u3002]
[     0.3s] tests/unit/infra/test_authoring_kit_assets.py::test_mandatory_workflow_patterns_allow_optional_tools[.agents/ \u3068 .codex/ \u306e\u5229\u7528\u306f\u5fc5\u9808\u3067\u306f\u3042\u308a\u307e\u305b\u3093\u3002]
[     0.3s] tests/unit/infra/test_authoring_kit_assets.py::test_authoring_overview_links_to_each_foundation_guide
[     0.3s] tests/unit/infra/test_authoring_kit_assets.py::test_current_navigation_roots_link_to_authoring_overview[README.md]
[     0.3s] tests/unit/infra/test_authoring_kit_assets.py::test_current_navigation_roots_link_to_authoring_overview[guide.md]
[     0.3s] tests/unit/infra/test_authoring_kit_assets.py::test_current_navigation_first_read_route_is_storage_core_and_authoring_kit[README.md]
[     0.3s] tests/unit/infra/test_authoring_kit_assets.py::test_current_navigation_first_read_route_is_storage_core_and_authoring_kit[guide.md]
[     0.3s] tests/unit/infra/test_authoring_kit_assets.py::test_current_navigation_first_read_destination_detector_rejects_non_allowlisted_mutations[[absolute workflow](/workflow_issue.md)]
[     0.3s] tests/unit/infra/test_authoring_kit_assets.py::test_current_navigation_first_read_destination_detector_rejects_non_allowlisted_mutations[[external workflow](https://example.com/workflow_issue.md)]
[     0.3s] tests/unit/infra/test_authoring_kit_assets.py::test_current_navigation_first_read_destination_detector_rejects_non_allowlisted_mutations[[reserved skill][skill]\n[skill]: </.agents/skills/spec-dock/SKILL.md>]
[     0.3s] tests/unit/infra/test_authoring_kit_assets.py::test_current_navigation_first_read_destination_detector_rejects_non_allowlisted_mutations[<https://example.com/current-authoring>]
[     0.3s] tests/unit/infra/test_authoring_kit_assets.py::test_current_navigation_first_read_destination_detector_rejects_non_allowlisted_mutations[<mailto:author@example.com>]
[     0.3s] tests/unit/infra/test_authoring_kit_assets.py::test_current_navigation_first_read_destination_detector_rejects_non_allowlisted_mutations[<ftp://example.com/current-authoring>]
[     0.3s] tests/unit/infra/test_authoring_kit_assets.py::test_current_navigation_first_read_destination_detector_rejects_non_allowlisted_mutations[<author@example.com>]
[     0.3s] tests/unit/infra/test_authoring_kit_assets.py::test_current_navigation_first_read_destination_detector_rejects_non_allowlisted_mutations[[Current recommendation][current]\n[current]: ../overview.md]
[     0.3s] tests/unit/infra/test_authoring_kit_assets.py::test_current_navigation_first_read_rejects_reference_use_when_definition_is_outside_section
[     0.3s] tests/unit/infra/test_authoring_kit_assets.py::test_authoring_overview_navigation_links_to_all_current_guides
[     0.3s] tests/unit/infra/test_authoring_kit_assets.py::test_authoring_overview_agent_assistance_reserves_plain_text_skill_paths_without_live_links
[     0.3s] tests/unit/infra/test_authoring_kit_assets.py::test_no_live_link_detector_rejects_absolute_external_and_relative_mutations[[skill](/.agents/skills/spec-dock/SKILL.md)]
[     0.3s] tests/unit/infra/test_authoring_kit_assets.py::test_no_live_link_detector_rejects_absolute_external_and_relative_mutations[[skill](https://example.com/.agents/skills/spec-dock/SKILL.md)]
[     0.3s] tests/unit/infra/test_authoring_kit_assets.py::test_no_live_link_detector_rejects_absolute_external_and_relative_mutations[[Current recommendation](../overview.md)]
[     0.3s] tests/unit/infra/test_authoring_kit_assets.py::test_no_live_link_detector_rejects_absolute_external_and_relative_mutations[[skill][reserved]\n[reserved]: </.agents/skills/spec-dock/SKILL.md>]
[     0.3s] tests/unit/infra/test_authoring_kit_assets.py::test_no_live_link_detector_rejects_absolute_external_and_relative_mutations[<https://example.com/current-authoring>]
[     0.3s] tests/unit/infra/test_authoring_kit_assets.py::test_no_live_link_detector_rejects_absolute_external_and_relative_mutations[<mailto:author@example.com>]
[     0.3s] tests/unit/infra/test_authoring_kit_assets.py::test_no_live_link_detector_rejects_absolute_external_and_relative_mutations[<ftp://example.com/current-authoring>]
[     0.3s] tests/unit/infra/test_authoring_kit_assets.py::test_no_live_link_detector_rejects_absolute_external_and_relative_mutations[<author@example.com>]
[     0.3s] tests/unit/infra/test_authoring_kit_assets.py::test_no_live_link_detector_rejects_absolute_external_and_relative_mutations[</.agents/skills/spec-dock/SKILL.md>]
[     0.3s] tests/unit/infra/test_authoring_kit_assets.py::test_no_live_link_detector_rejects_absolute_external_and_relative_mutations[[Current recommendation][current]\n[current]: ../overview.md]
[     0.3s] tests/unit/infra/test_authoring_kit_assets.py::test_relative_link_resolver_includes_reference_style_destination
[     0.3s] tests/unit/infra/test_authoring_kit_assets.py::test_current_navigation_vocabulary_excludes_legacy_authoring_contracts[docs/README.md]
[     0.3s] tests/unit/infra/test_authoring_kit_assets.py::test_current_navigation_vocabulary_excludes_legacy_authoring_contracts[docs/guide.md]
[     0.3s] tests/unit/infra/test_authoring_kit_assets.py::test_current_navigation_vocabulary_excludes_legacy_authoring_contracts[docs/migration.md]
[     0.3s] tests/unit/infra/test_authoring_kit_assets.py::test_current_navigation_vocabulary_excludes_legacy_authoring_contracts[docs/authoring/overview.md]
[     0.3s] tests/unit/infra/test_authoring_kit_assets.py::test_current_navigation_vocabulary_excludes_legacy_authoring_contracts[templates/README.md]
[     0.3s] tests/unit/infra/test_authoring_kit_assets.py::test_s90_retained_repository_guidelines_match_current_distribution_surface
[     0.3s] tests/unit/infra/test_authoring_kit_assets.py::test_current_navigation_vocabulary_detector_rejects_legacy_mutations[workflow \u3092\u53c2\u7167\u3057\u307e\u3059\u3002]
[     0.3s] tests/unit/infra/test_authoring_kit_assets.py::test_current_navigation_vocabulary_detector_rejects_legacy_mutations[phase \u306e\u9806\u5e8f\u306b\u5f93\u3044\u307e\u3059\u3002]
[     0.3s] tests/unit/infra/test_authoring_kit_assets.py::test_current_navigation_vocabulary_detector_rejects_legacy_mutations[Profile \u3068 Assurance \u3092\u4f7f\u3044\u307e\u3059\u3002]
[     0.3s] tests/unit/infra/test_authoring_kit_assets.py::test_current_navigation_vocabulary_detector_rejects_legacy_mutations[Grade \u3092 EAL \u3067 promotion \u3057\u307e\u3059\u3002]
[     0.3s] tests/unit/infra/test_authoring_kit_assets.py::test_current_navigation_vocabulary_detector_rejects_legacy_mutations[delegated authoring \u3092\u4f7f\u3044\u307e\u3059\u3002]
[     0.3s] tests/unit/infra/test_authoring_kit_assets.py::test_current_navigation_vocabulary_detector_rejects_legacy_mutations[Codex \u3092\u5fc5\u9808\u3068\u3057\u307e\u3059\u3002]
[     0.3s] tests/unit/infra/test_authoring_kit_assets.py::test_current_navigation_vocabulary_detector_rejects_legacy_mutations[workflow\u3092\u4f7f\u3044\u307e\u3059\u3002]
[     0.3s] tests/unit/infra/test_authoring_kit_assets.py::test_current_navigation_vocabulary_detector_rejects_legacy_mutations[workflow_route \u3092\u4f7f\u3044\u307e\u3059\u3002]
[     0.3s] tests/unit/infra/test_authoring_kit_assets.py::test_current_navigation_vocabulary_detector_rejects_legacy_mutations[phase\u3092\u9032\u3081\u307e\u3059\u3002]
[     0.3s] tests/unit/infra/test_authoring_kit_assets.py::test_current_navigation_vocabulary_detector_rejects_legacy_mutations[phase_gate \u3092\u901a\u3057\u307e\u3059\u3002]
[     0.3s] tests/unit/infra/test_authoring_kit_assets.py::test_current_navigation_vocabulary_detector_rejects_legacy_mutations[Profile\u3092\u9078\u3073\u307e\u3059\u3002]
[     0.3s] tests/unit/infra/test_authoring_kit_assets.py::test_current_navigation_vocabulary_detector_rejects_legacy_mutations[profile_name \u3092\u8a18\u9332\u3057\u307e\u3059\u3002]
[     0.3s] tests/unit/infra/test_authoring_kit_assets.py::test_current_navigation_vocabulary_detector_rejects_legacy_mutations[Assurance\u3092\u78ba\u8a8d\u3057\u307e\u3059\u3002]
[     0.3s] tests/unit/infra/test_authoring_kit_assets.py::test_current_navigation_vocabulary_detector_rejects_legacy_mutations[assurance_level \u3092\u8a18\u9332\u3057\u307e\u3059\u3002]
[     0.3s] tests/unit/infra/test_authoring_kit_assets.py::test_current_navigation_vocabulary_detector_rejects_legacy_mutations[Grade\u3092\u4ed8\u3051\u307e\u3059\u3002]
[     0.3s] tests/unit/infra/test_authoring_kit_assets.py::test_current_navigation_vocabulary_detector_rejects_legacy_mutations[grade_value \u3092\u8a18\u9332\u3057\u307e\u3059\u3002]
[     0.3s] tests/unit/infra/test_authoring_kit_assets.py::test_current_navigation_vocabulary_detector_rejects_legacy_mutations[promotion\u3092\u884c\u3044\u307e\u3059\u3002]
[     0.3s] tests/unit/infra/test_authoring_kit_assets.py::test_current_navigation_vocabulary_detector_rejects_legacy_mutations[promotion_route \u3092\u4f7f\u3044\u307e\u3059\u3002]
[     0.3s] tests/unit/infra/test_authoring_kit_assets.py::test_current_navigation_vocabulary_detector_rejects_legacy_mutations[EAL\u3092\u8a18\u9332\u3057\u307e\u3059\u3002]
[     0.3s] tests/unit/infra/test_authoring_kit_assets.py::test_current_navigation_vocabulary_detector_rejects_legacy_mutations[eal_schema \u3092\u4f7f\u3044\u307e\u3059\u3002]
[     0.3s] tests/unit/infra/test_authoring_kit_assets.py::test_current_navigation_vocabulary_detector_rejects_legacy_mutations[delegated authoring\u3092\u4f7f\u3044\u307e\u3059\u3002]
[     0.3s] tests/unit/infra/test_authoring_kit_assets.py::test_current_navigation_vocabulary_detector_rejects_legacy_mutations[delegated_authoring_route \u3092\u4f7f\u3044\u307e\u3059\u3002]
[     0.3s] tests/unit/infra/test_authoring_kit_assets.py::test_current_navigation_vocabulary_detector_allows_ascii_word_infixes[workflowing]
[     0.3s] tests/unit/infra/test_authoring_kit_assets.py::test_current_navigation_vocabulary_detector_allows_ascii_word_infixes[phased]
[     0.3s] tests/unit/infra/test_authoring_kit_assets.py::test_current_navigation_vocabulary_detector_allows_ascii_word_infixes[profiles]
[     0.3s] tests/unit/infra/test_authoring_kit_assets.py::test_current_navigation_vocabulary_detector_allows_ascii_word_infixes[assurances]
[     0.3s] tests/unit/infra/test_authoring_kit_assets.py::test_current_navigation_vocabulary_detector_allows_ascii_word_infixes[grader]
[     0.3s] tests/unit/infra/test_authoring_kit_assets.py::test_current_navigation_vocabulary_detector_allows_ascii_word_infixes[promotional]
[     0.3s] tests/unit/infra/test_authoring_kit_assets.py::test_current_navigation_vocabulary_detector_allows_ascii_word_infixes[ealing]
[     0.3s] tests/unit/infra/test_authoring_kit_assets.py::test_current_navigation_vocabulary_detector_allows_ascii_word_infixes[delegated authoringx]
[     0.3s] tests/unit/infra/test_authoring_kit_assets.py::test_current_navigation_vocabulary_detector_allows_ascii_word_infixes[reworkflow]
[     0.3s] tests/unit/infra/test_authoring_kit_assets.py::test_current_navigation_vocabulary_detector_allows_ascii_word_infixes[metaphase]
[     0.3s] tests/unit/infra/test_authoring_kit_assets.py::test_current_navigation_vocabulary_detector_allows_ascii_word_infixes[subprofile]
[     0.3s] tests/unit/infra/test_authoring_kit_assets.py::test_current_navigation_vocabulary_detector_allows_ascii_word_infixes[reassurance]
[     0.3s] tests/unit/infra/test_authoring_kit_assets.py::test_current_navigation_vocabulary_detector_allows_ascii_word_infixes[retrograde]
[     0.3s] tests/unit/infra/test_authoring_kit_assets.py::test_current_navigation_vocabulary_detector_allows_ascii_word_infixes[prepromotion]
[     0.3s] tests/unit/infra/test_authoring_kit_assets.py::test_current_navigation_vocabulary_detector_allows_ascii_word_infixes[predelegated authoring]
[     0.3s] tests/unit/infra/test_authoring_kit_assets.py::test_historical_navigation_is_a_positive_control_outside_current_vocabulary_scan
[     0.3s] tests/unit/infra/test_authoring_kit_assets.py::test_s06_navigation_asset_relative_links_resolve[docs/README.md-scaffold_root0]
[     0.3s] tests/unit/infra/test_authoring_kit_assets.py::test_s06_navigation_asset_relative_links_resolve[docs/README.md-scaffold_root1]
[     0.3s] tests/unit/infra/test_authoring_kit_assets.py::test_s06_navigation_asset_relative_links_resolve[docs/guide.md-scaffold_root0]
[     0.3s] tests/unit/infra/test_authoring_kit_assets.py::test_s06_navigation_asset_relative_links_resolve[docs/guide.md-scaffold_root1]
[     0.3s] tests/unit/infra/test_authoring_kit_assets.py::test_s06_navigation_asset_relative_links_resolve[docs/migration.md-scaffold_root0]
[     0.3s] tests/unit/infra/test_authoring_kit_assets.py::test_s06_navigation_asset_relative_links_resolve[docs/migration.md-scaffold_root1]
[     0.3s] tests/unit/infra/test_authoring_kit_assets.py::test_s06_navigation_asset_relative_links_resolve[docs/authoring/overview.md-scaffold_root0]
[     0.3s] tests/unit/infra/test_authoring_kit_assets.py::test_s06_navigation_asset_relative_links_resolve[docs/authoring/overview.md-scaffold_root1]
[     0.3s] tests/unit/infra/test_authoring_kit_assets.py::test_s06_navigation_asset_relative_links_resolve[templates/README.md-scaffold_root0]
[     0.3s] tests/unit/infra/test_authoring_kit_assets.py::test_s06_navigation_asset_relative_links_resolve[templates/README.md-scaffold_root1]
[     0.3s] tests/unit/infra/test_authoring_kit_assets.py::test_s06_navigation_asset_relative_links_resolve[docs/authoring/historical.md-scaffold_root0]
[     0.3s] tests/unit/infra/test_authoring_kit_assets.py::test_s06_navigation_asset_relative_links_resolve[docs/authoring/historical.md-scaffold_root1]
[     0.3s] tests/unit/infra/test_authoring_kit_assets.py::test_s06_navigation_assets_match_dogfood_projection[docs/README.md]
[     0.3s] tests/unit/infra/test_authoring_kit_assets.py::test_s06_navigation_assets_match_dogfood_projection[docs/guide.md]
[     0.3s] tests/unit/infra/test_authoring_kit_assets.py::test_s06_navigation_assets_match_dogfood_projection[docs/migration.md]
[     0.3s] tests/unit/infra/test_authoring_kit_assets.py::test_s06_navigation_assets_match_dogfood_projection[docs/authoring/overview.md]
[     0.3s] tests/unit/infra/test_authoring_kit_assets.py::test_s06_navigation_assets_match_dogfood_projection[templates/README.md]
[     0.3s] tests/unit/infra/test_authoring_kit_assets.py::test_s06_navigation_assets_match_dogfood_projection[docs/authoring/historical.md]
[     0.3s] tests/unit/infra/test_authoring_kit_assets.py::test_s01_authoring_docs_match_dogfood_projection[README.md]
[     0.3s] tests/unit/infra/test_authoring_kit_assets.py::test_s01_authoring_docs_match_dogfood_projection[guide.md]
[     0.3s] tests/unit/infra/test_authoring_kit_assets.py::test_s01_authoring_docs_match_dogfood_projection[authoring/overview.md]
[     0.3s] tests/unit/infra/test_authoring_kit_assets.py::test_s01_authoring_docs_match_dogfood_projection[authoring/requirement.md]
[     0.3s] tests/unit/infra/test_authoring_kit_assets.py::test_s01_authoring_docs_match_dogfood_projection[authoring/design.md]
[     0.3s] tests/unit/infra/test_authoring_kit_assets.py::test_s01_authoring_docs_match_dogfood_projection[authoring/issue-plan.md]
[     0.3s] tests/unit/infra/test_authoring_kit_assets.py::test_s01_authoring_docs_match_dogfood_projection[authoring/report.md]
[     0.3s] tests/unit/infra/test_authoring_kit_assets.py::test_s01_authoring_docs_match_dogfood_projection[authoring/scope-layering.md]
[     0.3s] tests/unit/infra/test_authoring_kit_assets.py::test_all_relative_markdown_links_in_authoring_foundation_resolve[overview.md]
[     0.3s] tests/unit/infra/test_authoring_kit_assets.py::test_all_relative_markdown_links_in_authoring_foundation_resolve[requirement.md]
[     0.3s] tests/unit/infra/test_authoring_kit_assets.py::test_all_relative_markdown_links_in_authoring_foundation_resolve[design.md]
[     0.3s] tests/unit/infra/test_authoring_kit_assets.py::test_all_relative_markdown_links_in_authoring_foundation_resolve[issue-plan.md]
[     0.3s] tests/unit/infra/test_authoring_kit_assets.py::test_all_relative_markdown_links_in_authoring_foundation_resolve[report.md]
[     0.3s] tests/unit/infra/test_authoring_kit_assets.py::test_all_relative_markdown_links_in_authoring_foundation_resolve[scope-layering.md]
[     0.3s] tests/unit/infra/test_authoring_kit_assets.py::test_authoring_overview_and_document_guides_have_major_headings[overview.md]
[     0.3s] tests/unit/infra/test_authoring_kit_assets.py::test_authoring_overview_and_document_guides_have_major_headings[requirement.md]
[     0.3s] tests/unit/infra/test_authoring_kit_assets.py::test_authoring_overview_and_document_guides_have_major_headings[design.md]
[     0.3s] tests/unit/infra/test_authoring_kit_assets.py::test_authoring_overview_and_document_guides_have_major_headings[issue-plan.md]
[     0.3s] tests/unit/infra/test_authoring_kit_assets.py::test_authoring_overview_and_document_guides_have_major_headings[report.md]
[     0.3s] tests/unit/infra/test_authoring_kit_assets.py::test_authoring_overview_and_document_guides_have_major_headings[scope-layering.md]
[     0.3s] tests/unit/infra/test_authoring_kit_assets.py::test_document_guides_distinguish_owned_and_unowned_content[requirement.md-responsibility0]
[     0.3s] tests/unit/infra/test_authoring_kit_assets.py::test_document_guides_distinguish_owned_and_unowned_content[design.md-responsibility1]
[     0.3s] tests/unit/infra/test_authoring_kit_assets.py::test_document_guides_distinguish_owned_and_unowned_content[issue-plan.md-responsibility2]
[     0.3s] tests/unit/infra/test_authoring_kit_assets.py::test_document_guides_distinguish_owned_and_unowned_content[report.md-responsibility3]
[     0.3s] tests/unit/infra/test_authoring_kit_assets.py::test_document_guides_route_plan_authoring_by_scope[requirement.md-routing_tokens0]
[     0.3s] tests/unit/infra/test_authoring_kit_assets.py::test_document_guides_route_plan_authoring_by_scope[design.md-routing_tokens1]
[     0.3s] tests/unit/infra/test_authoring_kit_assets.py::test_document_guides_route_plan_authoring_by_scope[report.md-routing_tokens2]
[     0.3s] tests/unit/infra/test_authoring_kit_assets.py::test_scope_layering_distinguishes_each_scope_and_preserves_parent_contracts
[     0.3s] tests/unit/infra/test_authoring_kit_assets.py::test_scope_layering_distinguishes_plan_responsibilities_by_scope
[     0.3s] tests/unit/infra/test_authoring_kit_assets.py::test_current_authoring_foundation_does_not_require_a_specific_workflow[README.md]
[     0.3s] tests/unit/infra/test_authoring_kit_assets.py::test_current_authoring_foundation_does_not_require_a_specific_workflow[guide.md]
[     0.3s] tests/unit/infra/test_authoring_kit_assets.py::test_current_authoring_foundation_does_not_require_a_specific_workflow[authoring/overview.md]
[     0.3s] tests/unit/infra/test_authoring_kit_assets.py::test_current_authoring_foundation_does_not_require_a_specific_workflow[authoring/requirement.md]
[     0.3s] tests/unit/infra/test_authoring_kit_assets.py::test_current_authoring_foundation_does_not_require_a_specific_workflow[authoring/design.md]
[     0.3s] tests/unit/infra/test_authoring_kit_assets.py::test_current_authoring_foundation_does_not_require_a_specific_workflow[authoring/issue-plan.md]
[     0.3s] tests/unit/infra/test_authoring_kit_assets.py::test_current_authoring_foundation_does_not_require_a_specific_workflow[authoring/report.md]
[     0.3s] tests/unit/infra/test_authoring_kit_assets.py::test_current_authoring_foundation_does_not_require_a_specific_workflow[authoring/scope-layering.md]
[     0.3s] tests/unit/infra/test_authoring_kit_assets.py::test_template_scope_markdown_catalog_is_exact[initiative-template_root0]
[     0.3s] tests/unit/infra/test_authoring_kit_assets.py::test_template_scope_markdown_catalog_is_exact[initiative-template_root1]
[     0.3s] tests/unit/infra/test_authoring_kit_assets.py::test_template_scope_markdown_catalog_is_exact[epic-template_root0]
[     0.3s] tests/unit/infra/test_authoring_kit_assets.py::test_template_scope_markdown_catalog_is_exact[epic-template_root1]
[     0.3s] tests/unit/infra/test_authoring_kit_assets.py::test_template_scope_markdown_catalog_is_exact[issue-template_root0]
[     0.3s] tests/unit/infra/test_authoring_kit_assets.py::test_template_scope_markdown_catalog_is_exact[issue-template_root1]
[     0.3s] tests/unit/infra/test_authoring_kit_assets.py::test_template_scope_catalog_rejects_extra_rdp_like_alias[plan-light.md]
[     0.3s] tests/unit/infra/test_authoring_kit_assets.py::test_template_scope_catalog_rejects_extra_rdp_like_alias[requirement-copy.md]
[     0.3s] tests/unit/infra/test_authoring_kit_assets.py::test_template_scope_catalog_rejects_extra_rdp_like_alias[design-v2.md]
[     0.3s] tests/unit/infra/test_authoring_kit_assets.py::test_template_readme_navigation_catalogs_exact_scope_docs_and_current_artifacts
[     0.3s] tests/unit/infra/test_authoring_kit_assets.py::test_template_rdp_frontmatter_uses_exact_minimal_fields_and_placeholders[initiative-requirement]
[     0.3s] tests/unit/infra/test_authoring_kit_assets.py::test_template_rdp_frontmatter_uses_exact_minimal_fields_and_placeholders[initiative-design]
[     0.3s] tests/unit/infra/test_authoring_kit_assets.py::test_template_rdp_frontmatter_uses_exact_minimal_fields_and_placeholders[initiative-plan]
[     0.3s] tests/unit/infra/test_authoring_kit_assets.py::test_template_rdp_frontmatter_uses_exact_minimal_fields_and_placeholders[epic-requirement]
[     0.3s] tests/unit/infra/test_authoring_kit_assets.py::test_template_rdp_frontmatter_uses_exact_minimal_fields_and_placeholders[epic-design]
[     0.3s] tests/unit/infra/test_authoring_kit_assets.py::test_template_rdp_frontmatter_uses_exact_minimal_fields_and_placeholders[epic-plan]
[     0.3s] tests/unit/infra/test_authoring_kit_assets.py::test_template_rdp_frontmatter_uses_exact_minimal_fields_and_placeholders[issue-requirement]
[     0.3s] tests/unit/infra/test_authoring_kit_assets.py::test_template_rdp_frontmatter_uses_exact_minimal_fields_and_placeholders[issue-design]
[     0.3s] tests/unit/infra/test_authoring_kit_assets.py::test_template_rdp_frontmatter_uses_exact_minimal_fields_and_placeholders[issue-plan]
[     0.3s] tests/unit/infra/test_authoring_kit_assets.py::test_template_rdp_has_exact_headings_and_one_concise_prompt_per_section[initiative-requirement]
[     0.3s] tests/unit/infra/test_authoring_kit_assets.py::test_template_rdp_has_exact_headings_and_one_concise_prompt_per_section[initiative-design]
[     0.3s] tests/unit/infra/test_authoring_kit_assets.py::test_template_rdp_has_exact_headings_and_one_concise_prompt_per_section[initiative-plan]
[     0.3s] tests/unit/infra/test_authoring_kit_assets.py::test_template_rdp_has_exact_headings_and_one_concise_prompt_per_section[epic-requirement]
[     0.3s] tests/unit/infra/test_authoring_kit_assets.py::test_template_rdp_has_exact_headings_and_one_concise_prompt_per_section[epic-design]
[     0.3s] tests/unit/infra/test_authoring_kit_assets.py::test_template_rdp_has_exact_headings_and_one_concise_prompt_per_section[epic-plan]
[     0.3s] tests/unit/infra/test_authoring_kit_assets.py::test_template_rdp_has_exact_headings_and_one_concise_prompt_per_section[issue-requirement]
[     0.3s] tests/unit/infra/test_authoring_kit_assets.py::test_template_rdp_has_exact_headings_and_one_concise_prompt_per_section[issue-design]
[     0.3s] tests/unit/infra/test_authoring_kit_assets.py::test_template_rdp_has_exact_headings_and_one_concise_prompt_per_section[issue-plan]
[     0.3s] tests/unit/infra/test_authoring_kit_assets.py::test_template_rdp_guide_link_resolves_from_rendered_node_location[initiative-requirement]
[     0.3s] tests/unit/infra/test_authoring_kit_assets.py::test_template_rdp_guide_link_resolves_from_rendered_node_location[initiative-design]
[     0.3s] tests/unit/infra/test_authoring_kit_assets.py::test_template_rdp_guide_link_resolves_from_rendered_node_location[initiative-plan]
[     0.3s] tests/unit/infra/test_authoring_kit_assets.py::test_template_rdp_guide_link_resolves_from_rendered_node_location[epic-requirement]
[     0.3s] tests/unit/infra/test_authoring_kit_assets.py::test_template_rdp_guide_link_resolves_from_rendered_node_location[epic-design]
[     0.3s] tests/unit/infra/test_authoring_kit_assets.py::test_template_rdp_guide_link_resolves_from_rendered_node_location[epic-plan]
[     0.3s] tests/unit/infra/test_authoring_kit_assets.py::test_template_rdp_guide_link_resolves_from_rendered_node_location[issue-requirement]
[     0.3s] tests/unit/infra/test_authoring_kit_assets.py::test_template_rdp_guide_link_resolves_from_rendered_node_location[issue-design]
[     0.3s] tests/unit/infra/test_authoring_kit_assets.py::test_template_rdp_guide_link_resolves_from_rendered_node_location[issue-plan]
[     0.3s] tests/unit/infra/test_authoring_kit_assets.py::test_template_plan_routes_scope_guides_and_limits_planning_level_to_issue
[     0.3s] tests/unit/infra/test_authoring_kit_assets.py::test_template_rdp_excludes_legacy_workflow_and_quality_gate_contracts[initiative-requirement]
[     0.3s] tests/unit/infra/test_authoring_kit_assets.py::test_template_rdp_excludes_legacy_workflow_and_quality_gate_contracts[initiative-design]
[     0.3s] tests/unit/infra/test_authoring_kit_assets.py::test_template_rdp_excludes_legacy_workflow_and_quality_gate_contracts[initiative-plan]
[     0.3s] tests/unit/infra/test_authoring_kit_assets.py::test_template_rdp_excludes_legacy_workflow_and_quality_gate_contracts[epic-requirement]
[     0.3s] tests/unit/infra/test_authoring_kit_assets.py::test_template_rdp_excludes_legacy_workflow_and_quality_gate_contracts[epic-design]
[     0.3s] tests/unit/infra/test_authoring_kit_assets.py::test_template_rdp_excludes_legacy_workflow_and_quality_gate_contracts[epic-plan]
[     0.3s] tests/unit/infra/test_authoring_kit_assets.py::test_template_rdp_excludes_legacy_workflow_and_quality_gate_contracts[issue-requirement]
[     0.3s] tests/unit/infra/test_authoring_kit_assets.py::test_template_rdp_excludes_legacy_workflow_and_quality_gate_contracts[issue-design]
[     0.3s] tests/unit/infra/test_authoring_kit_assets.py::test_template_rdp_excludes_legacy_workflow_and_quality_gate_contracts[issue-plan]
[     0.3s] tests/unit/infra/test_authoring_kit_assets.py::test_template_forbidden_patterns_reject_snake_case_variants[delegated_authoring]
[     0.3s] tests/unit/infra/test_authoring_kit_assets.py::test_template_forbidden_patterns_reject_snake_case_variants[phase_gate]
[     0.3s] tests/unit/infra/test_authoring_kit_assets.py::test_template_forbidden_patterns_reject_snake_case_variants[pr_status]
[     0.3s] tests/unit/infra/test_authoring_kit_assets.py::test_template_forbidden_patterns_allow_unrelated_terms[delegated task]
[     0.3s] tests/unit/infra/test_authoring_kit_assets.py::test_template_forbidden_patterns_allow_unrelated_terms[authoring guidance]
[     0.3s] tests/unit/infra/test_authoring_kit_assets.py::test_template_forbidden_patterns_allow_unrelated_terms[deployment phase]
[     0.3s] tests/unit/infra/test_authoring_kit_assets.py::test_template_forbidden_patterns_allow_unrelated_terms[quality gate]
[     0.3s] tests/unit/infra/test_authoring_kit_assets.py::test_template_forbidden_patterns_allow_unrelated_terms[PR reference]
[     0.3s] tests/unit/infra/test_authoring_kit_assets.py::test_template_forbidden_patterns_allow_unrelated_terms[status note]
[     0.3s] tests/unit/infra/test_authoring_kit_assets.py::test_template_rdp_assets_match_dogfood_projection[README.md]
[     0.3s] tests/unit/infra/test_authoring_kit_assets.py::test_template_rdp_assets_match_dogfood_projection[initiative/requirement.md]
[     0.3s] tests/unit/infra/test_authoring_kit_assets.py::test_template_rdp_assets_match_dogfood_projection[initiative/design.md]
[     0.3s] tests/unit/infra/test_authoring_kit_assets.py::test_template_rdp_assets_match_dogfood_projection[initiative/plan.md]
[     0.3s] tests/unit/infra/test_authoring_kit_assets.py::test_template_rdp_assets_match_dogfood_projection[epic/requirement.md]
[     0.3s] tests/unit/infra/test_authoring_kit_assets.py::test_template_rdp_assets_match_dogfood_projection[epic/design.md]
[     0.3s] tests/unit/infra/test_authoring_kit_assets.py::test_template_rdp_assets_match_dogfood_projection[epic/plan.md]
[     0.3s] tests/unit/infra/test_authoring_kit_assets.py::test_template_rdp_assets_match_dogfood_projection[issue/requirement.md]
[     0.3s] tests/unit/infra/test_authoring_kit_assets.py::test_template_rdp_assets_match_dogfood_projection[issue/design.md]
[     0.3s] tests/unit/infra/test_authoring_kit_assets.py::test_template_rdp_assets_match_dogfood_projection[issue/plan.md]
[     0.3s] tests/unit/infra/test_authoring_kit_assets.py::test_each_scope_has_exactly_one_canonical_report_template[initiative-template_root0]
[     0.3s] tests/unit/infra/test_authoring_kit_assets.py::test_each_scope_has_exactly_one_canonical_report_template[initiative-template_root1]
[     0.3s] tests/unit/infra/test_authoring_kit_assets.py::test_each_scope_has_exactly_one_canonical_report_template[epic-template_root0]
[     0.3s] tests/unit/infra/test_authoring_kit_assets.py::test_each_scope_has_exactly_one_canonical_report_template[epic-template_root1]
[     0.3s] tests/unit/infra/test_authoring_kit_assets.py::test_each_scope_has_exactly_one_canonical_report_template[issue-template_root0]
[     0.3s] tests/unit/infra/test_authoring_kit_assets.py::test_each_scope_has_exactly_one_canonical_report_template[issue-template_root1]
[     0.3s] tests/unit/infra/test_authoring_kit_assets.py::test_report_frontmatter_uses_exact_minimal_fields_and_placeholders[initiative]
[     0.3s] tests/unit/infra/test_authoring_kit_assets.py::test_report_frontmatter_uses_exact_minimal_fields_and_placeholders[epic]
[     0.3s] tests/unit/infra/test_authoring_kit_assets.py::test_report_frontmatter_uses_exact_minimal_fields_and_placeholders[issue]
[     0.3s] tests/unit/infra/test_authoring_kit_assets.py::test_report_has_exact_result_summary_shape_with_empty_required_bodies[initiative]
[     0.3s] tests/unit/infra/test_authoring_kit_assets.py::test_report_has_exact_result_summary_shape_with_empty_required_bodies[epic]
[     0.3s] tests/unit/infra/test_authoring_kit_assets.py::test_report_has_exact_result_summary_shape_with_empty_required_bodies[issue]
[     0.3s] tests/unit/infra/test_authoring_kit_assets.py::test_report_guide_allows_optional_notes_while_templates_omit_it
[     0.3s] tests/unit/infra/test_authoring_kit_assets.py::test_report_guide_link_resolves_from_rendered_node_location[initiative]
[     0.3s] tests/unit/infra/test_authoring_kit_assets.py::test_report_guide_link_resolves_from_rendered_node_location[epic]
[     0.3s] tests/unit/infra/test_authoring_kit_assets.py::test_report_guide_link_resolves_from_rendered_node_location[issue]
[     0.3s] tests/unit/infra/test_authoring_kit_assets.py::test_report_templates_match_dogfood_projection[initiative]
[     0.3s] tests/unit/infra/test_authoring_kit_assets.py::test_report_templates_match_dogfood_projection[epic]
[     0.3s] tests/unit/infra/test_authoring_kit_assets.py::test_report_templates_match_dogfood_projection[issue]
[     0.3s] tests/unit/infra/test_authoring_kit_assets.py::test_report_guide_matches_dogfood_projection
[     0.3s] tests/unit/infra/test_authoring_kit_assets.py::test_report_templates_exclude_heavy_and_generic_workflow_contracts[path0]
[     0.3s] tests/unit/infra/test_authoring_kit_assets.py::test_report_templates_exclude_heavy_and_generic_workflow_contracts[path1]
[     0.3s] tests/unit/infra/test_authoring_kit_assets.py::test_report_templates_exclude_heavy_and_generic_workflow_contracts[path2]
[     0.3s] tests/unit/infra/test_authoring_kit_assets.py::test_report_templates_exclude_heavy_and_generic_workflow_contracts[path3]
[     0.3s] tests/unit/infra/test_authoring_kit_assets.py::test_report_templates_exclude_heavy_and_generic_workflow_contracts[path4]
[     0.3s] tests/unit/infra/test_authoring_kit_assets.py::test_report_templates_exclude_heavy_and_generic_workflow_contracts[path5]
[     0.3s] tests/unit/infra/test_authoring_kit_assets.py::test_report_guides_exclude_heavy_and_generic_workflow_contracts[path0]
[     0.3s] tests/unit/infra/test_authoring_kit_assets.py::test_report_guides_exclude_heavy_and_generic_workflow_contracts[path1]
[     0.3s] tests/unit/infra/test_authoring_kit_assets.py::test_report_template_forbidden_contract_detector_rejects_generic_variants[reviewer]
[     0.3s] tests/unit/infra/test_authoring_kit_assets.py::test_report_template_forbidden_contract_detector_rejects_generic_variants[Grade]
[     0.3s] tests/unit/infra/test_authoring_kit_assets.py::test_report_template_forbidden_contract_detector_rejects_generic_variants[Assurance]
[     0.3s] tests/unit/infra/test_authoring_kit_assets.py::test_report_template_forbidden_contract_detector_rejects_generic_variants[delegated authoring]
[     0.3s] tests/unit/infra/test_authoring_kit_assets.py::test_report_template_forbidden_contract_detector_rejects_generic_variants[delegated-authoring]
[     0.3s] tests/unit/infra/test_authoring_kit_assets.py::test_report_template_forbidden_contract_detector_rejects_generic_variants[delegated_authoring]
[     0.3s] tests/unit/infra/test_authoring_kit_assets.py::test_report_template_forbidden_contract_detector_rejects_generic_variants[PR status]
[     0.3s] tests/unit/infra/test_authoring_kit_assets.py::test_report_template_forbidden_contract_detector_rejects_generic_variants[PR-status]
[     0.3s] tests/unit/infra/test_authoring_kit_assets.py::test_report_template_forbidden_contract_detector_rejects_generic_variants[PR_status]
[     0.3s] tests/unit/infra/test_authoring_kit_assets.py::test_report_guide_forbidden_contract_detector_rejects_generic_variants[Grade]
[     0.3s] tests/unit/infra/test_authoring_kit_assets.py::test_report_guide_forbidden_contract_detector_rejects_generic_variants[Assurance]
[     0.3s] tests/unit/infra/test_authoring_kit_assets.py::test_report_guide_forbidden_contract_detector_rejects_generic_variants[delegated authoring]
[     0.3s] tests/unit/infra/test_authoring_kit_assets.py::test_report_guide_forbidden_contract_detector_rejects_generic_variants[delegated-authoring]
[     0.3s] tests/unit/infra/test_authoring_kit_assets.py::test_report_guide_forbidden_contract_detector_rejects_generic_variants[delegated_authoring]
[     0.3s] tests/unit/infra/test_authoring_kit_assets.py::test_report_guide_forbidden_contract_detector_rejects_generic_variants[PR status]
[     0.3s] tests/unit/infra/test_authoring_kit_assets.py::test_report_guide_forbidden_contract_detector_rejects_generic_variants[PR-status]
[     0.3s] tests/unit/infra/test_authoring_kit_assets.py::test_report_guide_forbidden_contract_detector_rejects_generic_variants[PR_status]
[     0.3s] tests/unit/infra/test_authoring_kit_assets.py::test_report_guide_allows_nonmandatory_reviewer_boundary_but_rejects_mandatory_reviewer
[     0.3s] tests/unit/infra/test_authoring_kit_assets.py::test_report_guide_is_non_gating_and_routes_durable_decisions_elsewhere
[     0.3s] tests/unit/infra/test_authoring_kit_assets.py::test_issue_has_one_canonical_plan_and_no_level_specific_plan_aliases[template_root0]
[     0.3s] tests/unit/infra/test_authoring_kit_assets.py::test_issue_has_one_canonical_plan_and_no_level_specific_plan_aliases[template_root1]
[     0.3s] tests/unit/infra/test_authoring_kit_assets.py::test_issue_plan_base_links_exactly_the_four_completion_guides
[     0.3s] tests/unit/infra/test_authoring_kit_assets.py::test_each_completion_guide_is_independent_and_links_only_the_base[light]
[     0.3s] tests/unit/infra/test_authoring_kit_assets.py::test_each_completion_guide_is_independent_and_links_only_the_base[standard]
[     0.3s] tests/unit/infra/test_authoring_kit_assets.py::test_each_completion_guide_is_independent_and_links_only_the_base[strict]
[     0.3s] tests/unit/infra/test_authoring_kit_assets.py::test_each_completion_guide_is_independent_and_links_only_the_base[critical]
[     0.3s] tests/unit/infra/test_authoring_kit_assets.py::test_each_completion_guide_contains_level_appropriate_completion_contract[light]
[     0.3s] tests/unit/infra/test_authoring_kit_assets.py::test_each_completion_guide_contains_level_appropriate_completion_contract[standard]
[     0.3s] tests/unit/infra/test_authoring_kit_assets.py::test_each_completion_guide_contains_level_appropriate_completion_contract[strict]
[     0.3s] tests/unit/infra/test_authoring_kit_assets.py::test_each_completion_guide_contains_level_appropriate_completion_contract[critical]
[     0.3s] tests/unit/infra/test_authoring_kit_assets.py::test_critical_planning_level_limits_na_to_migration_and_requires_recovery
[     0.3s] tests/unit/infra/test_authoring_kit_assets.py::test_s03_planning_guides_match_dogfood_projection[authoring/issue-plan.md]
[     0.3s] tests/unit/infra/test_authoring_kit_assets.py::test_s03_planning_guides_match_dogfood_projection[authoring/issue-plan-levels/light.md]
[     0.3s] tests/unit/infra/test_authoring_kit_assets.py::test_s03_planning_guides_match_dogfood_projection[authoring/issue-plan-levels/standard.md]
[     0.3s] tests/unit/infra/test_authoring_kit_assets.py::test_s03_planning_guides_match_dogfood_projection[authoring/issue-plan-levels/strict.md]
[     0.3s] tests/unit/infra/test_authoring_kit_assets.py::test_s03_planning_guides_match_dogfood_projection[authoring/issue-plan-levels/critical.md]
[     0.3s] tests/unit/infra/test_authoring_kit_assets.py::test_issue_plan_base_has_exact_selection_heading_and_structural_examples
[     0.3s] tests/unit/infra/test_authoring_kit_assets.py::test_issue_plan_records_level_decision_in_the_same_canonical_plan
[     0.3s] tests/unit/infra/test_authoring_kit_assets.py::test_planning_level_is_docs_only_and_does_not_own_runtime_metadata
[     0.3s] tests/unit/infra/test_authoring_kit_assets.py::test_planning_level_rejects_priority_effort_readiness_and_handoff_as_sufficient_signals
[     0.3s] tests/unit/infra/test_authoring_kit_assets.py::test_standard_is_authoring_guidance_not_a_runtime_default
[     0.3s] tests/unit/infra/test_authoring_kit_assets.py::test_s09_ic1_contract_input_is_exact_and_provider_dogfood_complete
[     0.3s] tests/unit/infra/test_authoring_kit_assets.py::test_s09_contract_input_binds_to_canonical_design_section
[     0.3s] tests/unit/infra/test_authoring_kit_assets.py::test_s09_design_binding_rejects_canonical_contract_mutations[contract_version = s09-2026-08-11-contract_version = stale]
[     0.3s] tests/unit/infra/test_authoring_kit_assets.py::test_s09_design_binding_rejects_canonical_contract_mutations[consumer = epic-00356-authoring-integration-consumer = stale]
[     0.3s] tests/unit/infra/test_authoring_kit_assets.py::test_s09_design_binding_rejects_canonical_contract_mutations[scope_files = [requirement.md, design.md, plan.md, report.md]-scope_files = [plan.md]]
[     0.3s] tests/unit/infra/test_authoring_kit_assets.py::test_s09_design_binding_rejects_canonical_contract_mutations[content / Guide / heading mismatch\u306f358\u3078-content mismatch\u306fruntime\u3078]
[     0.3s] tests/unit/infra/test_authoring_kit_assets.py::test_s09_scope_manifest_covers_requirement_design_plan_report_for_each_scope
[     0.3s] tests/unit/infra/test_authoring_kit_assets.py::test_s09_report_contract_is_exact_empty_valid_and_non_gating[scaffold_root0]
[     0.3s] tests/unit/infra/test_authoring_kit_assets.py::test_s09_report_contract_is_exact_empty_valid_and_non_gating[scaffold_root1]
[     0.3s] tests/unit/infra/test_authoring_kit_assets.py::test_s09_artifact_and_one_plan_catalogs_are_exact[scaffold_root0]
[     0.3s] tests/unit/infra/test_authoring_kit_assets.py::test_s09_artifact_and_one_plan_catalogs_are_exact[scaffold_root1]
[     0.3s] tests/unit/infra/test_authoring_kit_assets.py::test_s09_planning_level_is_docs_only_without_runtime_metadata_parser_or_assurance_coupling
[     0.3s] tests/unit/infra/test_authoring_kit_assets.py::test_s09_mismatch_routing_assigns_content_to_358_and_mechanism_to_downstream_runtime_issue
[     0.3s] tests/unit/infra/test_authoring_kit_assets.py::test_s09_contract_rejects_missing_scope_path_mutation
[     0.3s] tests/unit/infra/test_authoring_kit_assets.py::test_s09_contract_rejects_missing_consumer_or_version_mutations
[     0.3s] tests/unit/infra/test_authoring_kit_assets.py::test_s09_contract_rejects_wrong_consumer_or_version_mutations[consumer-epic-00356-runtime-integration]
[     0.3s] tests/unit/infra/test_authoring_kit_assets.py::test_s09_contract_rejects_wrong_consumer_or_version_mutations[version-s09-2026-08-10]
[     0.3s] tests/unit/infra/test_authoring_kit_assets.py::test_s09_contract_rejects_duplicate_scope_path_mutation
[     0.3s] tests/unit/infra/test_authoring_kit_assets.py::test_s09_contract_rejects_missing_owner_mutation
[     0.3s] tests/unit/infra/test_authoring_kit_assets.py::test_s09_contract_rejects_wrong_owner_and_direct_357_routing_mutations
[     0.3s] tests/unit/infra/test_authoring_kit_assets.py::test_s09_contract_rejects_planning_level_runtime_coupling_mutations[metadata_fields-coupling_value0]
[     0.3s] tests/unit/infra/test_authoring_kit_assets.py::test_s09_contract_rejects_planning_level_runtime_coupling_mutations[parser_symbols-coupling_value1]
[     0.3s] tests/unit/infra/test_authoring_kit_assets.py::test_s09_contract_rejects_planning_level_runtime_coupling_mutations[assurance_fields-coupling_value2]
[     0.3s] tests/unit/infra/test_binary_artifact_publisher.py::test_explicit_source_path_forms_are_repo_root_based_and_privacy_classified[repo_relative]
[     0.3s] tests/unit/infra/test_binary_artifact_publisher.py::test_explicit_source_path_forms_are_repo_root_based_and_privacy_classified[absolute_external]
[     0.3s] tests/unit/infra/test_binary_artifact_publisher.py::test_explicit_source_path_forms_are_repo_root_based_and_privacy_classified[relative_external]
[     0.3s] tests/unit/infra/test_binary_artifact_publisher.py::test_explicit_source_rejects_ineligible_leaf_without_blocking_or_destination_mutation[missing]
[     0.3s] tests/unit/infra/test_binary_artifact_publisher.py::test_explicit_source_rejects_ineligible_leaf_without_blocking_or_destination_mutation[directory]
[     0.3s] tests/unit/infra/test_binary_artifact_publisher.py::test_explicit_source_rejects_ineligible_leaf_without_blocking_or_destination_mutation[leaf_symlink]
[     0.3s] tests/unit/infra/test_binary_artifact_publisher.py::test_explicit_source_rejects_ineligible_leaf_without_blocking_or_destination_mutation[fifo]
[     0.3s] tests/unit/infra/test_binary_artifact_publisher.py::test_explicit_source_rejects_ineligible_leaf_without_blocking_or_destination_mutation[socket]
[     0.3s] tests/unit/infra/test_binary_artifact_publisher.py::test_explicit_source_rejects_ineligible_leaf_without_blocking_or_destination_mutation[device]
[     0.3s] tests/unit/infra/test_binary_artifact_publisher.py::test_explicit_source_rejects_ineligible_leaf_without_blocking_or_destination_mutation[unreadable]
[     0.3s] tests/unit/infra/test_binary_artifact_publisher.py::test_explicit_source_regular_to_fifo_race_is_nonblocking_and_rejected
[     0.3s] tests/unit/infra/test_binary_artifact_publisher.py::test_explicit_source_allows_stable_ancestor_symlink_but_rejects_leaf_symlink
[     0.3s] tests/unit/infra/test_binary_artifact_publisher.py::test_explicit_source_mutation_or_ancestor_retarget_fails_before_commit[same_size]
[     0.3s] tests/unit/infra/test_binary_artifact_publisher.py::test_explicit_source_mutation_or_ancestor_retarget_fails_before_commit[replace]
[     0.3s] tests/unit/infra/test_binary_artifact_publisher.py::test_explicit_source_mutation_or_ancestor_retarget_fails_before_commit[unlink]
[     0.3s] tests/unit/infra/test_binary_artifact_publisher.py::test_explicit_source_mutation_or_ancestor_retarget_fails_before_commit[ancestor_retarget]
[     0.3s] tests/unit/infra/test_binary_artifact_publisher.py::test_explicit_copy_is_bounded_and_cross_filesystem_source_is_supported
[     0.3s] tests/unit/infra/test_binary_artifact_publisher.py::test_macos_explicit_publication_probes_no_replace_capability_before_formal_commit
[     0.3s] tests/unit/infra/test_binary_artifact_publisher.py::test_linux_explicit_import_uses_anonymous_staging_without_visible_probe_or_unlink
[     0.3s] tests/unit/infra/test_binary_artifact_publisher.py::test_linux_anonymous_precommit_failures_close_fd_without_pathname_cleanup[write-copy_failed]
[     0.3s] tests/unit/infra/test_binary_artifact_publisher.py::test_linux_anonymous_precommit_failures_close_fd_without_pathname_cleanup[formal_capability-publication_unsupported]
[     0.3s] tests/unit/infra/test_binary_artifact_publisher.py::test_linux_anonymous_precommit_failures_close_fd_without_pathname_cleanup[formal_collision-destination_exists]
[     0.3s] tests/unit/infra/test_binary_artifact_publisher.py::test_linux_missing_anonymous_staging_capability_fails_closed_without_named_fallback
[     0.3s] tests/unit/infra/test_binary_artifact_publisher.py::test_linux_anonymous_preflight_capability_failure_closes_fd_and_fails_closed[proc_reference]
[     0.3s] tests/unit/infra/test_binary_artifact_publisher.py::test_linux_anonymous_preflight_capability_failure_closes_fd_and_fails_closed[directory_durability]
[     0.3s] tests/unit/infra/test_binary_artifact_publisher.py::test_linux_anonymous_staging_publishes_on_supported_real_filesystem
[     0.3s] tests/unit/infra/test_binary_artifact_publisher.py::test_explicit_capability_probe_never_unlinks_replacement_after_existing_check
[     0.3s] tests/unit/infra/test_binary_artifact_publisher.py::test_cleanup_missing_path_is_retained_and_never_reported_removed
[     0.3s] tests/unit/infra/test_binary_artifact_publisher.py::test_cleanup_identity_or_type_uncertainty_retains_without_unlink[replacement]
[     0.3s] tests/unit/infra/test_binary_artifact_publisher.py::test_cleanup_identity_or_type_uncertainty_retains_without_unlink[path_type]
[     0.3s] tests/unit/infra/test_binary_artifact_publisher.py::test_cleanup_identity_or_type_uncertainty_retains_without_unlink[descriptor_type]
[     0.3s] tests/unit/infra/test_binary_artifact_publisher.py::test_cleanup_observation_failure_retains_without_unlink[stat]
[     0.3s] tests/unit/infra/test_binary_artifact_publisher.py::test_cleanup_observation_failure_retains_without_unlink[fstat]
[     0.3s] tests/unit/infra/test_binary_artifact_publisher.py::test_cleanup_observation_failure_retains_without_unlink[open]
[     0.3s] tests/unit/infra/test_binary_artifact_publisher.py::test_cleanup_replacement_after_reopen_is_detected_by_final_path_check
[     0.3s] tests/unit/infra/test_binary_artifact_publisher.py::test_cleanup_missing_is_retained_for_precommit_and_postcommit_state[False]
[     0.3s] tests/unit/infra/test_binary_artifact_publisher.py::test_cleanup_missing_is_retained_for_precommit_and_postcommit_state[True]
[     0.3s] tests/unit/infra/test_binary_artifact_publisher.py::test_explicit_destination_parent_identity_failure_is_precommit_and_no_publish
[     0.3s] tests/unit/infra/test_binary_artifact_publisher.py::test_explicit_nonrace_publication_failure_is_precommit_and_no_formal_destination
[     0.3s] tests/unit/infra/test_binary_artifact_publisher.py::test_explicit_precommit_faults_are_content_free_and_leave_no_formal_destination[temp_create-temp_create_failed-not_created]
[     0.3s] tests/unit/infra/test_binary_artifact_publisher.py::test_explicit_precommit_faults_are_content_free_and_leave_no_formal_destination[write-copy_failed-removed]
[     0.3s] tests/unit/infra/test_binary_artifact_publisher.py::test_explicit_precommit_faults_are_content_free_and_leave_no_formal_destination[file_fsync-file_fsync_failed-removed]
[     0.3s] tests/unit/infra/test_binary_artifact_publisher.py::test_explicit_precommit_faults_are_content_free_and_leave_no_formal_destination[hash-hash_failed-removed]
[     0.3s] tests/unit/infra/test_binary_artifact_publisher.py::test_explicit_precommit_faults_are_content_free_and_leave_no_formal_destination[publication_unsupported-publication_unsupported-removed]
[     0.3s] tests/unit/infra/test_binary_artifact_publisher.py::test_explicit_postcommit_descriptor_close_failure_is_no_throw_without_public_warning[temp_fd_close]
[     0.3s] tests/unit/infra/test_binary_artifact_publisher.py::test_explicit_postcommit_descriptor_close_failure_is_no_throw_without_public_warning[destination_parent_fd_close]
[     0.3s] tests/unit/infra/test_binary_artifact_publisher.py::test_explicit_postcommit_faults_return_exact_warning_and_committed_identity[directory_fsync-directory_fsync_failed-removed]
[     0.3s] tests/unit/infra/test_binary_artifact_publisher.py::test_explicit_postcommit_faults_return_exact_warning_and_committed_identity[cleanup-temp_cleanup_retained-retained]
[     0.3s] tests/unit/infra/test_binary_artifact_publisher.py::test_unexpected_postcommit_oserror_is_not_misclassified_as_not_committed
[     0.3s] tests/unit/infra/test_deps_reader_topology.py::test_load_issue_depends_on_map_retains_empty_epic_topology_context
[     0.3s] tests/unit/infra/test_deps_reader_topology.py::test_load_issue_depends_on_map_expands_non_empty_epic_and_keeps_raw_context
[     0.3s] tests/unit/infra/test_fake_gh_harness.py::TestFakeGhHarness::test_default_fake_gh_issue_list_returns_small_fixture
[     0.3s] tests/unit/infra/test_fake_gh_harness.py::TestFakeGhHarness::test_issue_index_raw_captures_large_limit_argv
[     0.3s] tests/unit/infra/test_fake_gh_harness.py::TestFakeGhHarness::test_large_issue_number_uses_minimal_fixture
[     0.3s] tests/unit/infra/test_fake_gh_harness.py::TestFakeGhHarness::test_state_variations_use_minimal_fixture
[     0.3s] tests/unit/infra/test_init_update.py::test_i370_real_initialized_workspace_generated_and_preserve_contract_is_blocker_free
[     0.3s] tests/unit/infra/test_init_update.py::test_i370_uninstall_cli_maps_six_typed_deprovision_rows_and_one_remove_route
[     0.3s] tests/unit/infra/test_init_update.py::test_i370_uninstall_deprovision_cli_has_no_legacy_or_journal_interpretation
[     0.3s] tests/unit/infra/test_init_update.py::test_i370_legacy_marker_public_mapping_is_manual_and_write_free
[     0.3s] tests/unit/infra/test_init_update.py::test_i370_legacy_marker_invalid_public_mapping_is_error_and_write_free
[     0.3s] tests/unit/infra/test_init_update.py::test_i370_legacy_marker_and_deprovision_journal_never_cross_authority_routes
[     0.3s] tests/unit/infra/test_init_update.py::test_i370_docs_describe_deprovision_authority_recovery_and_parity
[     0.3s] tests/unit/infra/test_init_update.py::test_issue_368_recognized_handler_has_single_service_route
[     0.3s] tests/unit/infra/test_init_update.py::test_i369_fresh_route_uses_shared_journaled_service
[     0.3s] tests/unit/infra/test_init_update.py::test_issue_334_init_and_update_install_current_target_catalog_byte_exact
[     0.3s] tests/unit/infra/test_init_update.py::test_issue_334_update_preserves_unmanaged_content
[     0.3s] tests/unit/infra/test_init_update.py::test_issue_334_checked_in_dogfood_projection_matches_provider
[     0.3s] tests/unit/infra/test_init_update.py::test_grill_with_docs_source_boundary_separates_access_context_from_evidence
[     0.3s] tests/unit/infra/test_init_update.py::test_issue_360_spec_dock_guidance_is_agent_first_and_not_present_only
[     0.3s] tests/unit/infra/test_init_update.py::TestInitUpdate::test_init_gitignore_ignores_exact_workbench_directories_at_supported_scopes
[     0.3s] tests/unit/infra/test_init_update.py::TestInitUpdate::test_workbench_readme_assets_are_byte_identical_and_complete
[     0.3s] tests/unit/infra/test_init_update.py::TestInitUpdate::test_fresh_init_creates_only_tracked_root_workbench_readme
[     0.3s] tests/unit/infra/test_init_update.py::TestInitUpdate::test_update_and_force_init_do_not_backfill_workbench_readme
[     0.3s] tests/unit/infra/test_init_update.py::TestInitUpdate::test_workbench_gitignore_tracks_only_top_level_readme
[     0.3s] tests/unit/infra/test_init_update.py::TestInitUpdate::test_update_preserves_opaque_workbenches_while_refreshing_managed_assets
[     0.3s] tests/unit/infra/test_init_update.py::TestInitUpdate::test_issue_78_init_allows_install_when_legacy_hidden_workspace_exists
[     0.3s] tests/unit/infra/test_init_update.py::TestInitUpdate::test_i369_update_provisions_when_legacy_hidden_workspace_exists
[     0.3s] tests/unit/infra/test_init_update.py::TestInitUpdate::test_issue_78_update_keeps_legacy_hidden_workspace_untouched_during_coexistence
[     0.3s] tests/unit/infra/test_init_update.py::TestInitUpdate::test_init_does_not_seed_legacy_node_deps_json_templates
[     0.3s] tests/unit/infra/test_init_update.py::TestInitUpdate::test_init_prunes_legacy_node_deps_json_templates_from_stale_assets
[     0.3s] tests/unit/infra/test_init_update.py::TestInitUpdate::test_update_prunes_legacy_node_deps_json_templates_from_stale_assets
[     0.3s] tests/unit/infra/test_init_update.py::TestInitUpdate::test_init_and_update_ship_root_artifact_rules_and_import_links_them_safely[init]
[     0.3s] tests/unit/infra/test_init_update.py::TestInitUpdate::test_init_and_update_ship_root_artifact_rules_and_import_links_them_safely[update]
[     0.3s] tests/unit/infra/test_init_update.py::TestInitUpdate::test_update_blocks_modified_managed_content_before_pruning_legacy_artifacts
[     0.3s] tests/unit/infra/test_init_update.py::TestInitUpdate::test_pyproject_excludes_deleted_wrapper_era_assets_from_package_data
[     0.3s] tests/unit/infra/test_init_update.py::TestInitUpdate::test_built_wheel_excludes_deleted_wrapper_era_assets_from_stale_build_outputs
[     0.3s] tests/unit/infra/test_init_update.py::TestInitUpdate::test_distribution_full_install_root_inventory_is_packaged_in_wheel_sdist_and_installed_resources
[     0.3s] tests/unit/infra/test_init_update.py::TestInitUpdate::test_distribution_wheel_build_prunes_seeded_stale_wrapper_era_outputs
[     0.3s] tests/unit/infra/test_init_update.py::TestInitUpdate::test_workbench_readme_build_prune_preserves_allowlist_and_removes_stale_nested_readme
[     0.3s] tests/unit/infra/test_init_update.py::TestInitUpdate::test_workbench_readme_distribution_inventory_and_bytes_match_all_surfaces
[     0.3s] tests/unit/infra/test_init_update.py::TestInitUpdate::test_checked_in_dogfooding_runtime_surface_includes_doctor_and_explicit_target_hint
[     0.3s] tests/unit/infra/test_init_update.py::TestInitUpdate::test_checked_in_dogfooding_mirror_docs_match_provider_assets
[     0.3s] tests/unit/infra/test_init_update.py::TestInitUpdate::test_checked_in_dogfooding_active_none_reports_match_provider_assets
[     0.3s] tests/unit/infra/test_init_update.py::TestInitUpdate::test_checked_in_dogfooding_runtime_subprocess_deps_mutation_on_cutover_snapshot
[     0.3s] tests/unit/infra/test_init_update.py::TestInitUpdate::test_checked_in_dogfooding_runtime_mirror_match_provider_assets
[     0.3s] tests/unit/infra/test_init_update.py::TestInitUpdate::test_dogfooding_runtime_inventory_excludes_generated_python_caches
[     0.3s] tests/unit/infra/test_init_update.py::TestInitUpdate::test_checked_in_dogfooding_runtime_keeps_repo_scoped_import_uniqueness_parity
[     0.3s] tests/unit/infra/test_init_update.py::TestInitUpdate::test_checked_in_dogfooding_runtime_import_release_lock_backward_compat_parity
[     0.3s] tests/unit/infra/test_init_update.py::TestInitUpdate::test_checked_in_dogfooding_runtime_import_import_race_revalidation_parity
[     0.3s] tests/unit/infra/test_init_update.py::TestInitUpdate::test_checked_in_dogfooding_runtime_import_new_race_revalidation_parity
[     0.3s] tests/unit/infra/test_init_update.py::TestInitUpdate::test_checked_in_dogfooding_runtime_no_write_preflight_collision_with_active_parent_fallback_parity
[     0.3s] tests/unit/infra/test_init_update.py::TestInitUpdate::test_checked_in_dogfooding_runtime_keeps_repo_scoped_sync_snapshot_parity
[     0.3s] tests/unit/infra/test_init_update.py::TestInitUpdate::test_checked_in_dogfooding_runtime_non_issue_deps_target_status_parity
[     0.3s] tests/unit/infra/test_init_update.py::TestInitUpdate::test_checked_in_dogfooding_runtime_issue_create_lock_scope_narrowing_parity
[     0.3s] tests/unit/infra/test_init_update.py::TestInitUpdate::test_checked_in_dogfooding_runtime_issue_create_pre_github_validation_parity
[     0.3s] tests/unit/infra/test_init_update.py::TestInitUpdate::test_checked_in_dogfooding_runtime_non_issue_create_guidance_parity
[     0.3s] tests/unit/infra/test_init_update.py::TestInitUpdate::test_checked_in_dogfooding_runtime_create_mode_graph_preflight_parity
[     0.3s] tests/unit/infra/test_init_update.py::TestInitUpdate::test_checked_in_dogfooding_runtime_keeps_unscoped_current_repo_fallback_sync_parity
[     0.3s] tests/unit/infra/test_init_update.py::TestInitUpdate::test_checked_in_dogfooding_runtime_keeps_repo_scoped_validation_doctor_parity
[     0.3s] tests/unit/infra/test_init_update.py::TestInitUpdate::test_checked_in_dogfooding_runtime_keeps_numeric_branch_current_repo_overlap_parity
[     0.3s] tests/unit/infra/test_init_update.py::TestInitUpdate::test_tool_version_fallback_reads_pyproject
[     0.3s] tests/unit/infra/test_init_update.py::TestInitUpdate::test_no_skill_option_is_rejected
[     0.3s] tests/unit/infra/test_init_update.py::TestInitUpdate::test_issue_68_workflow_seed_matches_repo_root_ci_workflow
[     0.3s] tests/unit/infra/test_init_update.py::TestInitUpdate::test_issue_68_provider_only_workflow_is_not_shipped_via_install_root
[     0.3s] tests/unit/infra/test_init_update.py::TestInitUpdate::test_issue_360_readme_catalog_excludes_historical_artifact_routes
[     0.3s] tests/unit/infra/test_init_update.py::TestInitUpdate::test_issue_71_upstream_handoff_reports_expose_evidence_bearing_sections
[     0.3s] tests/unit/infra/test_init_update.py::TestInitUpdate::test_reference_sync_doc_matches_bundled_asset
[     0.3s] tests/unit/infra/test_init_update.py::TestInitUpdate::test_reference_deps_doc_matches_bundled_asset
[     0.3s] tests/unit/infra/test_init_update.py::TestInitUpdate::test_init_fails_without_force_when_spec_dock_exists
[     0.3s] tests/unit/infra/test_init_update.py::TestInitUpdate::test_update_keeps_initiatives_by_default
[     0.3s] tests/unit/infra/test_init_update.py::TestInitUpdate::test_uninstall_dry_run_prints_plan_and_mutates_no_files
[     0.3s] tests/unit/infra/test_init_update.py::TestInitUpdate::test_uninstall_dry_run_classifies_fresh_root_workbench_as_preservation_witness
[     0.3s] tests/unit/infra/test_init_update.py::TestInitUpdate::test_uninstall_apply_remove_specs_removes_unchanged_root_workbench_readme_and_empty_workbench_dir
[     0.3s] tests/unit/infra/test_init_update.py::TestInitUpdate::test_uninstall_apply_remove_specs_removes_empty_generated_roots_and_keeps_workspace_boundary
[     0.3s] tests/unit/infra/test_init_update.py::TestInitUpdate::test_uninstall_apply_remove_specs_preserves_modified_root_workbench_readme
[     0.3s] tests/unit/infra/test_init_update.py::TestInitUpdate::test_uninstall_apply_remove_specs_removes_only_managed_readme_and_preserves_arbitrary_workbench_payload
[     0.3s] tests/unit/infra/test_init_update.py::TestInitUpdate::test_uninstall_apply_without_specs_mode_fails_before_mutation
[     0.3s] tests/unit/infra/test_init_update.py::TestInitUpdate::test_uninstall_apply_keep_specs_removes_tooling_and_preserves_spec_history
[     0.3s] tests/unit/infra/test_init_update.py::TestInitUpdate::test_uninstall_apply_remove_specs_removes_spec_history_with_explicit_summary
[     0.3s] tests/unit/infra/test_init_update.py::TestInitUpdate::test_uninstall_apply_rejects_symlinked_boundary_root_without_external_deletion
[     0.3s] tests/unit/infra/test_init_update.py::TestInitUpdate::test_uninstall_apply_rejects_symlinked_retry_marker_without_external_mutation
[     0.3s] tests/unit/infra/test_init_update.py::TestInitUpdate::test_uninstall_apply_rejects_unmanaged_initiatives_only_target_before_mutation
[     0.3s] tests/unit/infra/test_init_update.py::TestInitUpdate::test_uninstall_apply_bounded_cleanup_respects_preserved_files_and_roots
[     0.3s] tests/unit/infra/test_init_update.py::TestInitUpdate::test_uninstall_apply_rerun_reports_already_removed_and_succeeds
[     0.3s] tests/unit/infra/test_init_update.py::TestInitUpdate::test_uninstall_apply_remove_specs_rerun_blocks_markerless_empty_boundary
[     0.3s] tests/unit/infra/test_init_update.py::TestInitUpdate::test_uninstall_apply_partial_rmtree_failure_reports_failed_spec_history_separately
[     0.3s] tests/unit/infra/test_init_update.py::TestInitUpdate::test_uninstall_apply_output_provides_installer_direct_recovery_guidance
[     0.3s] tests/unit/infra/test_init_update.py::TestInitUpdate::test_uninstall_keep_and_remove_specs_are_mutually_exclusive
[     0.3s] tests/unit/infra/test_init_update.py::TestInitUpdate::test_uninstall_unmanaged_target_fails_before_mutation
[     0.3s] tests/unit/infra/test_init_update.py::TestInitUpdate::test_uninstall_dry_run_json_is_one_parseable_object
[     0.3s] tests/unit/infra/test_init_update.py::TestInitUpdate::test_uninstall_json_preflight_errors_are_parseable_objects
[     0.3s] tests/unit/infra/test_init_update.py::TestInitUpdate::test_uninstall_json_missing_target_path_returns_json_error
[     0.3s] tests/unit/infra/test_init_update.py::TestInitUpdate::test_uninstall_json_file_target_returns_json_error_without_mutation
[     0.3s] tests/unit/infra/test_init_update.py::TestInitUpdate::test_uninstall_accepts_recovery_target_when_scripts_are_missing
[     0.3s] tests/unit/infra/test_init_update.py::TestInitUpdate::test_uninstall_rejects_target_missing_version_file
[     0.3s] tests/unit/infra/test_init_update.py::TestInitUpdate::test_uninstall_dry_run_preserves_unknown_files_under_managed_roots
[     0.3s] tests/unit/infra/test_init_update.py::TestInitUpdate::test_uninstall_dry_run_never_removes_modified_scaffold_tree_recursively
[     0.3s] tests/unit/infra/test_init_update.py::TestInitUpdate::test_uninstall_blocks_unrecognized_specdock_version
[     0.3s] tests/unit/infra/test_init_update.py::TestInitUpdate::test_uninstall_dry_run_spec_shortcut_only_removes_matching_symlink
[     0.3s] tests/unit/infra/test_init_update.py::TestInitUpdate::test_checked_in_dogfooding_runtime_subprocess_import_post_sync_no_crash_parity
[     0.3s] tests/unit/infra/test_init_update.py::TestInitUpdate::test_checked_in_dogfooding_runtime_subprocess_issue_create_gateway_failure_pre_github_parity
[     0.3s] tests/unit/infra/test_init_update.py::TestInitUpdate::test_checked_in_dogfooding_runtime_subprocess_numeric_deps_overlap_parity
[     0.3s] tests/unit/infra/test_init_update.py::TestInitUpdate::test_checked_in_dogfooding_runtime_subprocess_scoped_deps_ref_parity
[     0.3s] tests/unit/infra/test_init_update.py::TestInitUpdate::test_checked_in_dogfooding_runtime_subprocess_numeric_deps_ref_foreign_only_fail_closed_parity
[     0.3s] tests/unit/infra/test_init_update.py::TestInitUpdate::test_checked_in_dogfooding_runtime_subprocess_keeps_lone_unscoped_legacy_without_backfill_parity
[     0.3s] tests/unit/infra/test_init_update.py::TestInitUpdate::test_checked_in_dogfooding_runtime_subprocess_keeps_readonly_lone_unscoped_without_backfill_parity
[     0.3s] tests/unit/infra/test_init_update.py::TestInitUpdate::test_checked_in_dogfooding_runtime_subprocess_validation_boundary_prefers_structure_error
[     0.3s] tests/unit/infra/test_init_update.py::TestInitUpdate::test_checked_in_dogfooding_runtime_subprocess_sync_fails_when_required_artifact_missing
[     0.3s] tests/unit/infra/test_init_update.py::TestInitUpdate::test_checked_in_dogfooding_runtime_subprocess_import_fails_fast_when_required_artifact_missing
[     0.3s] tests/unit/infra/test_init_update.py::TestInitUpdate::test_checked_in_dogfooding_runtime_subprocess_import_partial_write_doctor_first_parity
[     0.3s] tests/unit/infra/test_init_update.py::TestInitUpdate::test_checked_in_dogfooding_runtime_subprocess_sync_force_degrades_when_required_artifact_missing
[     0.3s] tests/unit/infra/test_init_update.py::TestInitUpdate::test_checked_in_dogfooding_runtime_subprocess_sync_validation_boundary_prefers_structure_error
[     0.3s] tests/unit/infra/test_init_update.py::TestInitUpdate::test_checked_in_dogfooding_runtime_subprocess_validate_doctor_fail_when_required_artifact_missing
[     0.3s] tests/unit/infra/test_init_update.py::TestInitUpdate::test_checked_in_dogfooding_runtime_subprocess_create_lock_missing_meta_diagnosis_parity
[     0.3s] tests/unit/infra/test_init_update.py::TestInitUpdate::test_update_rebuilds_active_entrypoints_from_persisted_manifest_when_valid_and_active_dir_empty
[     0.3s] tests/unit/infra/test_init_update.py::TestInitUpdate::test_update_rebuilds_active_entrypoints_from_absolute_in_repository_manifest_paths
[     0.3s] tests/unit/infra/test_init_update.py::TestInitUpdate::test_update_rebuilds_placeholder_symlink_entrypoints_from_persisted_manifest
[     0.3s] tests/unit/infra/test_init_update.py::TestInitUpdate::test_update_rebuilds_placeholder_pathfile_entrypoints_from_persisted_manifest
[     0.3s] tests/unit/infra/test_init_update.py::TestInitUpdate::test_update_mixed_entrypoints_keep_healthy_real_and_rebuild_placeholder_layers
[     0.3s] tests/unit/infra/test_init_update.py::TestInitUpdate::test_update_keeps_placeholder_and_none_context_pack_when_persisted_manifest_is_broken
[     0.3s] tests/unit/infra/test_init_update.py::TestInitUpdate::test_update_rewrites_stale_context_pack_when_rebuilding_active_entrypoints
[     0.3s] tests/unit/infra/test_init_update.py::TestInitUpdate::test_update_keeps_context_pack_aligned_with_existing_active_pathfiles_when_persisted_manifest_is_stale
[     0.3s] tests/unit/infra/test_init_update.py::TestInitUpdate::test_update_recovers_active_entrypoints_from_id_when_persisted_paths_are_broken
[     0.3s] tests/unit/infra/test_init_update.py::TestInitUpdate::test_update_blocks_workbench_symlink_from_persisted_manifest_and_active_entrypoint
[     0.3s] tests/unit/infra/test_init_update.py::TestInitUpdate::test_update_falls_back_to_placeholder_when_persisted_active_manifest_is_broken
[     0.3s] tests/unit/infra/test_init_update.py::TestInitUpdate::test_update_falls_back_to_placeholder_when_persisted_path_points_to_same_layer_wrong_id
[     0.3s] tests/unit/infra/test_init_update.py::TestInitUpdate::test_update_prefers_id_based_recovery_when_same_layer_wrong_id_path_exists
[     0.3s] tests/unit/infra/test_init_update.py::TestInitUpdate::test_update_bootstraps_active_fallback_entrypoints_when_active_dir_is_empty
[     0.3s] tests/unit/infra/test_init_update.py::TestInitUpdate::test_update_regenerates_context_pack_from_persisted_active_manifest
[     0.3s] tests/unit/infra/test_init_update.py::TestInitUpdate::test_recognized_reconciliation_blocks_context_pack_symlink_before_writes[command0]
[     0.3s] tests/unit/infra/test_init_update.py::TestInitUpdate::test_recognized_reconciliation_blocks_context_pack_symlink_before_writes[command1]
[     0.3s] tests/unit/infra/test_init_update.py::TestInitUpdate::test_recognized_reconciliation_blocks_symlinked_preserved_boundary_before_read[.agent-command0]
[     0.3s] tests/unit/infra/test_init_update.py::TestInitUpdate::test_recognized_reconciliation_blocks_symlinked_preserved_boundary_before_read[.agent-command1]
[     0.3s] tests/unit/infra/test_init_update.py::TestInitUpdate::test_recognized_reconciliation_blocks_symlinked_preserved_boundary_before_read[active-command0]
[     0.3s] tests/unit/infra/test_init_update.py::TestInitUpdate::test_recognized_reconciliation_blocks_symlinked_preserved_boundary_before_read[active-command1]
[     0.3s] tests/unit/infra/test_init_update.py::TestInitUpdate::test_recognized_reconciliation_blocks_symlinked_preserved_boundary_before_read[initiatives-command0]
[     0.3s] tests/unit/infra/test_init_update.py::TestInitUpdate::test_recognized_reconciliation_blocks_symlinked_preserved_boundary_before_read[initiatives-command1]
[     0.3s] tests/unit/infra/test_init_update.py::TestInitUpdate::test_recognized_reconciliation_blocks_hardlinked_active_manifest_before_preserved_state_read[command0]
[     0.3s] tests/unit/infra/test_init_update.py::TestInitUpdate::test_recognized_reconciliation_blocks_hardlinked_active_manifest_before_preserved_state_read[command1]
[     0.3s] tests/unit/infra/test_init_update.py::TestInitUpdate::test_recognized_reconciliation_blocks_lexically_escaping_active_symlink_before_resolution[command0]
[     0.3s] tests/unit/infra/test_init_update.py::TestInitUpdate::test_recognized_reconciliation_blocks_lexically_escaping_active_symlink_before_resolution[command1]
[     0.3s] tests/unit/infra/test_init_update.py::TestInitUpdate::test_recognized_reconciliation_accepts_normal_internal_active_symlinks[command0]
[     0.3s] tests/unit/infra/test_init_update.py::TestInitUpdate::test_recognized_reconciliation_accepts_normal_internal_active_symlinks[command1]
[     0.3s] tests/unit/infra/test_init_update.py::TestInitUpdate::test_recognized_reconciliation_restores_missing_placeholder_directory_hierarchy[missing_relative0-command0]
[     0.3s] tests/unit/infra/test_init_update.py::TestInitUpdate::test_recognized_reconciliation_restores_missing_placeholder_directory_hierarchy[missing_relative0-command1]
[     0.3s] tests/unit/infra/test_init_update.py::TestInitUpdate::test_recognized_reconciliation_restores_missing_placeholder_directory_hierarchy[missing_relative1-command0]
[     0.3s] tests/unit/infra/test_init_update.py::TestInitUpdate::test_recognized_reconciliation_restores_missing_placeholder_directory_hierarchy[missing_relative1-command1]
[     0.3s] tests/unit/infra/test_init_update.py::TestInitUpdate::test_recognized_reconciliation_blocks_symlinked_placeholder_boundary_before_reads[unsafe_relative0-command0]
[     0.3s] tests/unit/infra/test_init_update.py::TestInitUpdate::test_recognized_reconciliation_blocks_symlinked_placeholder_boundary_before_reads[unsafe_relative0-command1]
[     0.3s] tests/unit/infra/test_init_update.py::TestInitUpdate::test_recognized_reconciliation_blocks_symlinked_placeholder_boundary_before_reads[unsafe_relative1-command0]
[     0.3s] tests/unit/infra/test_init_update.py::TestInitUpdate::test_recognized_reconciliation_blocks_symlinked_placeholder_boundary_before_reads[unsafe_relative1-command1]
[     0.3s] tests/unit/infra/test_init_update.py::TestInitUpdate::test_recognized_reconciliation_blocks_symlinked_placeholder_boundary_before_reads[unsafe_relative2-command0]
[     0.3s] tests/unit/infra/test_init_update.py::TestInitUpdate::test_recognized_reconciliation_blocks_symlinked_placeholder_boundary_before_reads[unsafe_relative2-command1]
[     0.3s] tests/unit/infra/test_init_update.py::TestInitUpdate::test_recognized_reconciliation_revalidates_preserved_boundary_before_first_service_mutation[.agent-command0]
[     0.3s] tests/unit/infra/test_init_update.py::TestInitUpdate::test_recognized_reconciliation_revalidates_preserved_boundary_before_first_service_mutation[.agent-command1]
[     0.3s] tests/unit/infra/test_init_update.py::TestInitUpdate::test_recognized_reconciliation_revalidates_preserved_boundary_before_first_service_mutation[.work-command0]
[     0.3s] tests/unit/infra/test_init_update.py::TestInitUpdate::test_recognized_reconciliation_revalidates_preserved_boundary_before_first_service_mutation[.work-command1]
[     0.3s] tests/unit/infra/test_init_update.py::TestInitUpdate::test_recognized_reconciliation_revalidates_preserved_boundary_before_first_service_mutation[active-command0]
[     0.3s] tests/unit/infra/test_init_update.py::TestInitUpdate::test_recognized_reconciliation_revalidates_preserved_boundary_before_first_service_mutation[active-command1]
[     0.3s] tests/unit/infra/test_init_update.py::TestInitUpdate::test_recognized_reconciliation_revalidates_preserved_boundary_before_first_service_mutation[initiatives-command0]
[     0.3s] tests/unit/infra/test_init_update.py::TestInitUpdate::test_recognized_reconciliation_revalidates_preserved_boundary_before_first_service_mutation[initiatives-command1]
[     0.3s] tests/unit/infra/test_init_update.py::TestInitUpdate::test_recognized_reconciliation_revalidates_preserved_child_inventory_before_first_service_mutation[new-initiative-command0]
[     0.3s] tests/unit/infra/test_init_update.py::TestInitUpdate::test_recognized_reconciliation_revalidates_preserved_child_inventory_before_first_service_mutation[new-initiative-command1]
[     0.3s] tests/unit/infra/test_init_update.py::TestInitUpdate::test_recognized_reconciliation_revalidates_preserved_child_inventory_before_first_service_mutation[metadata-child-command0]
[     0.3s] tests/unit/infra/test_init_update.py::TestInitUpdate::test_recognized_reconciliation_revalidates_preserved_child_inventory_before_first_service_mutation[metadata-child-command1]
[     0.3s] tests/unit/infra/test_init_update.py::TestInitUpdate::test_recognized_reconciliation_revalidates_preserved_child_inventory_before_first_service_mutation[active-child-command0]
[     0.3s] tests/unit/infra/test_init_update.py::TestInitUpdate::test_recognized_reconciliation_revalidates_preserved_child_inventory_before_first_service_mutation[active-child-command1]
[     0.3s] tests/unit/infra/test_init_update.py::TestInitUpdate::test_recognized_reconciliation_blocks_persisted_issue_path_through_initiatives_symlink_before_writes[direct-nested-in-repository-relative-command0]
[     0.3s] tests/unit/infra/test_init_update.py::TestInitUpdate::test_recognized_reconciliation_blocks_persisted_issue_path_through_initiatives_symlink_before_writes[direct-nested-in-repository-relative-command1]
[     0.3s] tests/unit/infra/test_init_update.py::TestInitUpdate::test_recognized_reconciliation_blocks_persisted_issue_path_through_initiatives_symlink_before_writes[direct-nested-in-repository-absolute-command0]
[     0.3s] tests/unit/infra/test_init_update.py::TestInitUpdate::test_recognized_reconciliation_blocks_persisted_issue_path_through_initiatives_symlink_before_writes[direct-nested-in-repository-absolute-command1]
[     0.3s] tests/unit/infra/test_init_update.py::TestInitUpdate::test_recognized_reconciliation_blocks_persisted_issue_path_through_initiatives_symlink_before_writes[direct-escaping-relative-command0]
[     0.3s] tests/unit/infra/test_init_update.py::TestInitUpdate::test_recognized_reconciliation_blocks_persisted_issue_path_through_initiatives_symlink_before_writes[direct-escaping-relative-command1]
[     0.3s] tests/unit/infra/test_init_update.py::TestInitUpdate::test_recognized_reconciliation_blocks_persisted_issue_path_through_initiatives_symlink_before_writes[direct-escaping-absolute-command0]
[     0.3s] tests/unit/infra/test_init_update.py::TestInitUpdate::test_recognized_reconciliation_blocks_persisted_issue_path_through_initiatives_symlink_before_writes[direct-escaping-absolute-command1]
[     0.3s] tests/unit/infra/test_init_update.py::TestInitUpdate::test_recognized_reconciliation_blocks_persisted_issue_path_through_initiatives_symlink_before_writes[alias-dotdot-nested-in-repository-relative-command0]
[     0.3s] tests/unit/infra/test_init_update.py::TestInitUpdate::test_recognized_reconciliation_blocks_persisted_issue_path_through_initiatives_symlink_before_writes[alias-dotdot-nested-in-repository-relative-command1]
[     0.3s] tests/unit/infra/test_init_update.py::TestInitUpdate::test_recognized_reconciliation_blocks_persisted_issue_path_through_initiatives_symlink_before_writes[alias-dotdot-nested-in-repository-absolute-command0]
[     0.3s] tests/unit/infra/test_init_update.py::TestInitUpdate::test_recognized_reconciliation_blocks_persisted_issue_path_through_initiatives_symlink_before_writes[alias-dotdot-nested-in-repository-absolute-command1]
[     0.3s] tests/unit/infra/test_init_update.py::TestInitUpdate::test_recognized_reconciliation_blocks_persisted_issue_path_through_initiatives_symlink_before_writes[alias-dotdot-escaping-relative-command0]
[     0.3s] tests/unit/infra/test_init_update.py::TestInitUpdate::test_recognized_reconciliation_blocks_persisted_issue_path_through_initiatives_symlink_before_writes[alias-dotdot-escaping-relative-command1]
[     0.3s] tests/unit/infra/test_init_update.py::TestInitUpdate::test_recognized_reconciliation_blocks_persisted_issue_path_through_initiatives_symlink_before_writes[alias-dotdot-escaping-absolute-command0]
[     0.3s] tests/unit/infra/test_init_update.py::TestInitUpdate::test_recognized_reconciliation_blocks_persisted_issue_path_through_initiatives_symlink_before_writes[alias-dotdot-escaping-absolute-command1]
[     0.3s] tests/unit/infra/test_init_update.py::TestInitUpdate::test_recognized_reconciliation_allows_untraversed_initiative_symlink[command0]
[     0.3s] tests/unit/infra/test_init_update.py::TestInitUpdate::test_recognized_reconciliation_allows_untraversed_initiative_symlink[command1]
[     0.3s] tests/unit/infra/test_init_update.py::TestInitUpdate::test_update_bootstraps_active_path_files_when_active_symlink_creation_fails
[     0.3s] tests/unit/infra/test_init_update.py::TestInitUpdate::test_update_rebuilds_active_path_files_from_persisted_manifest_when_symlink_creation_fails
[     0.3s] tests/unit/infra/test_init_update.py::TestInitUpdate::test_update_blocks_unknown_active_path_files_even_with_valid_persisted_targets
[     0.3s] tests/unit/infra/test_init_update.py::TestInitUpdate::test_update_blocks_unknown_active_path_files_when_persisted_manifest_is_broken
[     0.3s] tests/unit/infra/test_init_update.py::TestInitUpdate::test_update_prefers_existing_active_entrypoints_over_stale_persisted_manifest_for_context_pack
[     0.3s] tests/unit/infra/test_init_update.py::TestInitUpdate::test_update_prefers_real_pathfile_entrypoint_over_placeholder_symlink_when_manifest_is_stale
[     0.3s] tests/unit/infra/test_init_update.py::TestInitUpdate::test_update_blocks_same_layer_non_symlink_file_conflict_even_with_real_pathfile_target
[     0.3s] tests/unit/infra/test_init_update.py::TestInitUpdate::test_update_blocks_same_layer_invalid_directory_conflict_without_recursive_removal
[     0.3s] tests/unit/infra/test_init_update.py::TestInitUpdate::test_update_blocks_unknown_dangling_active_symlink_entrypoint
[     0.3s] tests/unit/infra/test_init_update.py::TestInitUpdate::test_update_blocks_unknown_active_symlink_inside_initiatives_prefix
[     0.3s] tests/unit/infra/test_init_update.py::TestInitUpdate::test_recognized_reconciliation_preserves_external_active_symlink[command0]
[     0.3s] tests/unit/infra/test_init_update.py::TestInitUpdate::test_recognized_reconciliation_preserves_external_active_symlink[command1]
[     0.3s] tests/unit/infra/test_init_update.py::TestInitUpdate::test_update_blocks_active_pointer_rebind_after_generated_asset_capture
[     0.3s] tests/unit/infra/test_init_update.py::TestInitUpdate::test_update_blocks_preserved_boundary_rebind_before_distribution_service
[     0.3s] tests/unit/infra/test_installer_workbench_resolver_opacity.py::test_manifest_target_fallback_prunes_workbench_before_descendant_access
[     0.3s] tests/unit/infra/test_installer_workbench_resolver_opacity.py::test_manifest_target_rejects_direct_persisted_workbench_candidate
[     0.3s] tests/unit/infra/test_installer_workbench_resolver_opacity.py::test_manifest_target_accepts_direct_persisted_near_name_candidate
[     0.3s] tests/unit/infra/test_issue_359_skill_helpers.py::test_issue_359_finalizer_writes_only_the_pinned_artifact
[     0.3s] tests/unit/infra/test_issue_359_skill_helpers.py::test_issue_359_finalizer_rejects_whole_document_input_without_truncating_scaffold
[     0.3s] tests/unit/infra/test_issue_359_skill_helpers.py::test_issue_359_finalizer_rejects_artifact_moved_after_open_without_external_write
[     0.3s] tests/unit/infra/test_issue_359_skill_helpers.py::test_issue_359_finalizer_rejects_parent_moved_after_open_without_external_write
[     0.3s] tests/unit/infra/test_issue_359_skill_helpers.py::test_issue_359_finalizer_rejects_symlink_replacement_without_external_write
[     0.3s] tests/unit/infra/test_issue_359_skill_helpers.py::test_issue_359_finalizer_rejects_inode_replacement_without_truncating_it
[     0.3s] tests/unit/infra/test_issue_359_skill_helpers.py::test_issue_359_finalizer_rejects_ctime_mismatch_when_device_inode_match
[     0.3s] tests/unit/infra/test_issue_359_skill_helpers.py::test_issue_359_identity_rejects_symlinked_artifacts_directory
[     0.3s] tests/unit/infra/test_issue_359_skill_helpers.py::test_issue_359_helper_accepts_current_cli_prefix_for_repo_named_spec_dock
[     0.3s] tests/unit/infra/test_managed_distribution.py::test_issue_368_generated_link_target_enforces_repository_root_boundary
[     0.3s] tests/unit/infra/test_managed_distribution.py::test_s20_public_catalog_is_derived_from_physical_install_root
[     0.3s] tests/unit/infra/test_managed_distribution.py::test_s20_current_catalog_bytes_are_not_duplicated_in_historical_manifest
[     0.3s] tests/unit/infra/test_managed_distribution.py::test_s55_historical_catalog_is_bound_to_reproducible_git_source
[     0.3s] tests/unit/infra/test_managed_distribution.py::test_s20_build_is_read_only
[     0.3s] tests/unit/infra/test_managed_distribution.py::test_i368_workspace_assessment_is_read_only_and_binds_contract
[     0.3s] tests/unit/infra/test_managed_distribution.py::test_i368_blocked_assessment_cannot_issue_executable_authority
[     0.3s] tests/unit/infra/test_managed_distribution.py::test_i370_deprovision_intent_maps_to_uninstall_plan_and_removal_grammar
[     0.3s] tests/unit/infra/test_managed_distribution.py::test_i368_forged_assessment_cannot_prune_outside_manifest_authority
[     0.3s] tests/unit/infra/test_managed_distribution.py::test_i369_fresh_action_grammar_is_enforced_at_every_mutation_boundary[upgrade]
[     0.3s] tests/unit/infra/test_managed_distribution.py::test_i369_fresh_action_grammar_is_enforced_at_every_mutation_boundary[prune]
[     0.3s] tests/unit/infra/test_managed_distribution.py::test_i368_executable_plan_digest_is_stable_for_equivalent_assessment
[     0.3s] tests/unit/infra/test_managed_distribution.py::test_i369_legacy_create_upgrade_fixed_link_count_guard_migrates
[     0.3s] tests/unit/infra/test_managed_distribution.py::test_i368_generated_asset_path_must_be_canonical_and_repository_relative
[     0.3s] tests/unit/infra/test_managed_distribution.py::test_i368_journal_prepare_records_bound_actions_before_target_mutation
[     0.3s] tests/unit/infra/test_managed_distribution.py::test_i369_fresh_journal_uses_isolated_authority_and_directory_actions
[     0.3s] tests/unit/infra/test_managed_distribution.py::test_i370_deprovision_guard_and_journal_use_exact_authority_pair
[     0.3s] tests/unit/infra/test_managed_distribution.py::test_i370_deprovision_journal_has_strict_wire_and_reachable_state_table
[     0.3s] tests/unit/infra/test_managed_distribution.py::test_i370_deprovision_journal_accepts_independent_nonprefix_leaf_progress
[     0.3s] tests/unit/infra/test_managed_distribution.py::test_i370_deprovision_typed_result_maps_every_reachable_durable_state
[     0.3s] tests/unit/infra/test_managed_distribution.py::test_i370_generated_state_producer_accepts_exact_active_state_and_blocks_unknown
[     0.3s] tests/unit/infra/test_managed_distribution.py::test_i370_generated_state_regular_read_rejects_same_bytes_new_inode
[     0.3s] tests/unit/infra/test_managed_distribution.py::test_i370_generated_state_replacement_before_classification_blocks_apply
[     0.3s] tests/unit/infra/test_managed_distribution.py::test_i370_generated_state_producer_blocks_cross_artifact_batch_conflict
[     0.3s] tests/unit/infra/test_managed_distribution.py::test_i370_generated_state_rejects_impossible_issue_status_pair
[     0.3s] tests/unit/infra/test_managed_distribution.py::test_i370_deps_issues_rejects_impossible_issue_status_pair_without_writes
[     0.3s] tests/unit/infra/test_managed_distribution.py::test_i370_generated_state_producer_rejects_malformed_nested_node_shape
[     0.3s] tests/unit/infra/test_managed_distribution.py::test_i370_version_marker_read_rejects_observation_to_read_rebind
[     0.3s] tests/unit/infra/test_managed_distribution.py::test_i370_generated_state_producer_blocks_index_tree_node_set_conflict
[     0.3s] tests/unit/infra/test_managed_distribution.py::test_i370_generated_state_producer_rejects_active_parent_chain_mismatch
[     0.3s] tests/unit/infra/test_managed_distribution.py::test_i370_contract_adopts_legacy_generated_entry_only_by_historical_exact_identity
[     0.3s] tests/unit/infra/test_managed_distribution.py::test_i370_context_pack_has_one_provider_renderer_with_cli_byte_parity
[     0.3s] tests/unit/infra/test_managed_distribution.py::test_i370_deprovision_contract_uses_semantic_source_identity_across_physical_roots
[     0.3s] tests/unit/infra/test_managed_distribution.py::test_i370_deprovision_assessment_captures_exact_preserve_witnesses
[     0.3s] tests/unit/infra/test_managed_distribution.py::test_i370_deprovision_assessment_has_no_independent_generated_asset_edge
[     0.3s] tests/unit/infra/test_managed_distribution.py::test_i370_missing_owned_subtree_collapses_and_reanchors_above_deletion_closure
[     0.3s] tests/unit/infra/test_managed_distribution.py::test_i370_semantic_source_drift_and_invocation_replacement_are_distinct_guards
[     0.3s] tests/unit/infra/test_managed_distribution.py::test_i370_source_semantics_include_mode_and_symlink_target_drift
[     0.3s] tests/unit/infra/test_managed_distribution.py::test_i370_preserve_hardlink_blocks_without_witness_or_safe_subset_authority
[     0.3s] tests/unit/infra/test_managed_distribution.py::test_i370_tree_observation_is_bounded_to_contract_and_preservation_roots
[     0.3s] tests/unit/infra/test_managed_distribution.py::test_i370_plan_rejects_descendant_as_immediate_directory_evidence
[     0.3s] tests/unit/infra/test_managed_distribution.py::test_i370_directory_semantic_digest_ignores_only_authorized_directory_metadata
[     0.3s] tests/unit/infra/test_managed_distribution.py::test_i370_plan_rejects_forged_witness_and_digest_binds_semantic_metadata
[     0.3s] tests/unit/infra/test_managed_distribution.py::test_i370_empty_directory_kernel_is_bottom_up_bound_and_fail_closed
[     0.3s] tests/unit/infra/test_managed_distribution.py::test_i370_prune_kernel_removes_exact_regular_and_symlink_but_not_replacement
[     0.3s] tests/unit/infra/test_managed_distribution.py::test_i370_deprovision_dry_run_is_fully_typed_and_write_free
[     0.3s] tests/unit/infra/test_managed_distribution.py::test_i370_deprovision_no_op_apply_collapses_absence_without_protocol_metadata
[     0.3s] tests/unit/infra/test_managed_distribution.py::test_i370_deprovision_requires_exact_managed_workspace_evidence
[     0.3s] tests/unit/infra/test_managed_distribution.py::test_i370_deprovision_blocker_is_diagnostic_in_dry_run_and_write_free_on_apply
[     0.3s] tests/unit/infra/test_managed_distribution.py::test_i370_deprovision_no_op_appearance_blocks_without_issuing_a_new_prune
[     0.3s] tests/unit/infra/test_managed_distribution.py::test_i370_missing_root_shortcut_appearance_blocks_completion
[     0.3s] tests/unit/infra/test_managed_distribution.py::test_i370_missing_leaf_appearance_between_classification_and_witness_blocks
[     0.3s] tests/unit/infra/test_managed_distribution.py::test_i370_deprovision_service_journals_nested_prune_and_completes
[     0.3s] tests/unit/infra/test_managed_distribution.py::test_i370_deprovision_retry_resumes_each_nested_publish_checkpoint[.github/workflows/ci.yml-root-cleanup-expected_pending0]
[     0.3s] tests/unit/infra/test_managed_distribution.py::test_i370_deprovision_retry_resumes_each_nested_publish_checkpoint[.github/workflows-root-cleanup-expected_pending1]
[     0.3s] tests/unit/infra/test_managed_distribution.py::test_i370_deprovision_retry_resumes_each_nested_publish_checkpoint[.github-post-verify-expected_pending2]
[     0.3s] tests/unit/infra/test_managed_distribution.py::test_i370_deprovision_verifying_resume_never_reopens_removed_descendants
[     0.3s] tests/unit/infra/test_managed_distribution.py::test_i370_deprovision_completed_with_guard_retries_cleanup_without_target_replay
[     0.3s] tests/unit/infra/test_managed_distribution.py::test_i370_deprovision_completed_only_retries_journal_cleanup_without_target_replay
[     0.3s] tests/unit/infra/test_managed_distribution.py::test_i370_deprovision_post_verify_rejects_unknown_remaining_namespace
[     0.3s] tests/unit/infra/test_managed_distribution.py::test_i370_deprovision_post_verify_rejects_witness_drift[preservation-spec-dock/initiatives]
[     0.3s] tests/unit/infra/test_managed_distribution.py::test_i370_deprovision_post_verify_rejects_witness_drift[absence-spec-dock/.agent]
[     0.3s] tests/unit/infra/test_managed_distribution.py::test_i370_deprovision_retry_reconstructs_publish_from_exact_absence[.github/workflows/ci.yml]
[     0.3s] tests/unit/infra/test_managed_distribution.py::test_i370_deprovision_retry_reconstructs_publish_from_exact_absence[.github/workflows]
[     0.3s] tests/unit/infra/test_managed_distribution.py::test_i370_deprovision_retry_reconstructs_publish_from_exact_absence[.github]
[     0.3s] tests/unit/infra/test_managed_distribution.py::test_i370_recovery_rejects_manifest_contract_drift_without_target_mutation
[     0.3s] tests/unit/infra/test_managed_distribution.py::test_i370_deprovision_guard_only_resumes_from_semantic_equal_physical_root
[     0.3s] tests/unit/infra/test_managed_distribution.py::test_i370_deprovision_guard_only_semantic_drift_is_write_free_mismatch
[     0.3s] tests/unit/infra/test_managed_distribution.py::test_i370_deprovision_prepared_journal_admits_only_semantic_equal_newer_source[managed\n-completed]
[     0.3s] tests/unit/infra/test_managed_distribution.py::test_i370_deprovision_prepared_journal_admits_only_semantic_equal_newer_source[drifted\n-recovery_required]
[     0.3s] tests/unit/infra/test_managed_distribution.py::test_i370_deprovision_same_invocation_source_replacement_stops_before_target_write
[     0.3s] tests/unit/infra/test_managed_distribution.py::test_i370_legacy_marker_only_and_copied_bytes_remain_unconvertible_and_unchanged
[     0.3s] tests/unit/infra/test_managed_distribution.py::test_i370_legacy_marker_invalid_evidence_fails_closed_before_write[malformed-dry-run]
[     0.3s] tests/unit/infra/test_managed_distribution.py::test_i370_legacy_marker_invalid_evidence_fails_closed_before_write[malformed-apply]
[     0.3s] tests/unit/infra/test_managed_distribution.py::test_i370_legacy_marker_invalid_evidence_fails_closed_before_write[symlink-dry-run]
[     0.3s] tests/unit/infra/test_managed_distribution.py::test_i370_legacy_marker_invalid_evidence_fails_closed_before_write[symlink-apply]
[     0.3s] tests/unit/infra/test_managed_distribution.py::test_i370_legacy_marker_invalid_evidence_fails_closed_before_write[hardlink-dry-run]
[     0.3s] tests/unit/infra/test_managed_distribution.py::test_i370_legacy_marker_invalid_evidence_fails_closed_before_write[hardlink-apply]
[     0.3s] tests/unit/infra/test_managed_distribution.py::test_i370_legacy_marker_invalid_evidence_fails_closed_before_write[fifo-dry-run]
[     0.3s] tests/unit/infra/test_managed_distribution.py::test_i370_legacy_marker_invalid_evidence_fails_closed_before_write[fifo-apply]
[     0.3s] tests/unit/infra/test_managed_distribution.py::test_i370_legacy_marker_with_schema2_deprovision_state_is_immutable_dual_recovery
[     0.3s] tests/unit/infra/test_managed_distribution.py::test_i369_standalone_directory_binding_recovers_after_mkdir_before_publish
[     0.3s] tests/unit/infra/test_managed_distribution.py::test_i369_standalone_directory_closed_set_rejects_unknown_child_after_checkpoint
[     0.3s] tests/unit/infra/test_managed_distribution.py::test_i368_journal_resume_rejects_intent_mismatch_without_rewrite
[     0.3s] tests/unit/infra/test_managed_distribution.py::test_i368_journal_resume_rejects_cross_root_replay_without_rewrite
[     0.3s] tests/unit/infra/test_managed_distribution.py::test_i368_journal_resume_rejects_binding_mismatch_without_rewrite[authority-different-authority-journal-authority-mismatch]
[     0.3s] tests/unit/infra/test_managed_distribution.py::test_i368_journal_resume_rejects_binding_mismatch_without_rewrite[protocol_version-999-journal-protocol-incompatible]
[     0.3s] tests/unit/infra/test_managed_distribution.py::test_i368_journal_resume_rejects_binding_mismatch_without_rewrite[plan_digest-0000000000000000000000000000000000000000000000000000000000000000-journal-plan-mismatch]
[     0.3s] tests/unit/infra/test_managed_distribution.py::test_i368_journal_resume_rejects_recomputed_digest_for_changed_action
[     0.3s] tests/unit/infra/test_managed_distribution.py::test_i368_journal_resume_rejects_recomputed_digest_with_incomplete_parent_chain
[     0.3s] tests/unit/infra/test_managed_distribution.py::test_i368_journal_resume_rejects_recomputed_digest_with_incomplete_target_identity[missing_fields0]
[     0.3s] tests/unit/infra/test_managed_distribution.py::test_i368_journal_resume_rejects_recomputed_digest_with_incomplete_target_identity[missing_fields1]
[     0.3s] tests/unit/infra/test_managed_distribution.py::test_i368_journal_resume_rejects_recomputed_digest_with_incomplete_target_identity[missing_fields2]
[     0.3s] tests/unit/infra/test_managed_distribution.py::test_i368_journal_resume_rejects_recomputed_digest_with_incomplete_target_identity[missing_fields3]
[     0.3s] tests/unit/infra/test_managed_distribution.py::test_i368_journal_resume_rejects_recomputed_digest_with_incomplete_post_parent_chain
[     0.3s] tests/unit/infra/test_managed_distribution.py::test_i368_journal_resume_rejects_existing_parent_rebind
[     0.3s] tests/unit/infra/test_managed_distribution.py::test_i368_journal_resume_rejects_unbound_parent_authorized_before_creation
[     0.3s] tests/unit/infra/test_managed_distribution.py::test_i368_journal_resume_rejects_forged_nonempty_created_parent_binding
[     0.3s] tests/unit/infra/test_managed_distribution.py::test_i368_created_parent_held_descriptor_rejects_unknown_child_before_target_write[regular]
[     0.3s] tests/unit/infra/test_managed_distribution.py::test_i368_created_parent_held_descriptor_rejects_unknown_child_before_target_write[symlink]
[     0.3s] tests/unit/infra/test_managed_distribution.py::test_i368_created_parent_held_descriptor_rejects_unknown_child_before_target_write[fifo]
[     0.3s] tests/unit/infra/test_managed_distribution.py::test_i368_created_parent_held_descriptor_rejects_unknown_child_before_target_write[unleased-stage]
[     0.3s] tests/unit/infra/test_managed_distribution.py::test_i368_preserved_validator_repeats_until_first_operation_owned_parent_mutation
[     0.3s] tests/unit/infra/test_managed_distribution.py::test_i368_preserved_validator_deactivates_only_after_existing_parent_stage_create
[     0.3s] tests/unit/infra/test_managed_distribution.py::test_i368_parent_creation_crash_resumes_from_durable_parent_intent
[     0.3s] tests/unit/infra/test_managed_distribution.py::test_i368_journal_publish_retry_uses_a_fresh_stage_after_crash
[     0.3s] tests/unit/infra/test_managed_distribution.py::test_i368_journal_guard_is_rejected_by_the_legacy_marker_contract
[     0.3s] tests/unit/infra/test_managed_distribution.py::test_i368_schema_2_guard_without_initial_journal_timestamp_remains_readable
[     0.3s] tests/unit/infra/test_managed_distribution.py::test_i368_journal_resume_requires_exact_schema_2_forward_guard[absent]
[     0.3s] tests/unit/infra/test_managed_distribution.py::test_i368_journal_resume_requires_exact_schema_2_forward_guard[schema-1]
[     0.3s] tests/unit/infra/test_managed_distribution.py::test_i368_journal_resume_requires_exact_schema_2_forward_guard[replaced]
[     0.3s] tests/unit/infra/test_managed_distribution.py::test_i368_journal_publish_preserves_ambiguous_pair_after_stage_replacement
[     0.3s] tests/unit/infra/test_managed_distribution.py::test_i368_journal_publish_restores_raced_canonical_predecessor
[     0.3s] tests/unit/infra/test_managed_distribution.py::test_i368_journal_transition_rejects_same_bytes_predecessor_replacement
[     0.3s] tests/unit/infra/test_managed_distribution.py::test_i368_forward_guard_publish_restores_raced_legacy_marker
[     0.3s] tests/unit/infra/test_managed_distribution.py::test_i368_journal_resume_allows_newer_package_for_same_plan
[     0.3s] tests/unit/infra/test_managed_distribution.py::test_i368_journal_resume_rejects_older_package
[     0.3s] tests/unit/infra/test_managed_distribution.py::test_i368_newer_package_finishes_original_journal_then_refreshes_version
[     0.3s] tests/unit/infra/test_managed_distribution.py::test_i369_fresh_completed_journal_does_not_reenter_for_newer_package
[     0.3s] tests/unit/infra/test_managed_distribution.py::test_i369_fresh_executing_journal_does_not_reenter_for_newer_package
[     0.3s] tests/unit/infra/test_managed_distribution.py::test_i369_fresh_journal_retry_rejects_new_workspace_root_child
[     0.3s] tests/unit/infra/test_managed_distribution.py::test_i368_journal_rejects_rebound_workspace_parent
[     0.3s] tests/unit/infra/test_managed_distribution.py::test_i368_completed_journal_rejects_pending_actions
[     0.3s] tests/unit/infra/test_managed_distribution.py::test_i368_journal_rejects_unbound_staging_lease_without_deleting_stage
[     0.3s] tests/unit/infra/test_managed_distribution.py::test_i368_recognized_service_executes_and_finalizes_journal
[     0.3s] tests/unit/infra/test_managed_distribution.py::test_i368_legacy_guard_remains_visible_for_the_entire_journal_mutation
[     0.3s] tests/unit/infra/test_managed_distribution.py::test_i368_recognized_noop_does_not_prepare_a_journal
[     0.3s] tests/unit/infra/test_managed_distribution.py::test_i368_recognized_service_upgrades_a_recognized_workspace_version
[     0.3s] tests/unit/infra/test_managed_distribution.py::test_i368_generated_state_asset_failure_retains_journal_and_resumes
[     0.3s] tests/unit/infra/test_managed_distribution.py::test_i368_legacy_marker_conversion_is_limited_to_prewrite_state[preflight-complete-completed]
[     0.3s] tests/unit/infra/test_managed_distribution.py::test_i368_legacy_marker_conversion_is_limited_to_prewrite_state[managed-scaffold-refreshed-recovery_required]
[     0.3s] tests/unit/infra/test_managed_distribution.py::test_i368_newer_package_converts_prewrite_legacy_marker_and_refreshes_version
[     0.3s] tests/unit/infra/test_managed_distribution.py::test_i368_legacy_guard_removal_failure_retains_completed_targets_for_retry
[     0.3s] tests/unit/infra/test_managed_distribution.py::test_i368_terminal_journal_without_guard_finishes_cleanup_without_reapplying
[     0.3s] tests/unit/infra/test_managed_distribution.py::test_i368_admission_allows_only_terminal_journal_without_guard
[     0.3s] tests/unit/infra/test_managed_distribution.py::test_i368_admission_rejects_nonterminal_journal_without_guard
[     0.3s] tests/unit/infra/test_managed_distribution.py::test_i368_legacy_conversion_rejects_marker_replaced_after_admission
[     0.3s] tests/unit/infra/test_managed_distribution.py::test_i368_legacy_conversion_rejects_marker_replaced_between_stat_and_open
[     0.3s] tests/unit/infra/test_managed_distribution.py::test_i368_legacy_conversion_failure_leaves_forward_only_guard_for_newer_retry
[     0.3s] tests/unit/infra/test_managed_distribution.py::test_i368_guard_only_retry_rejects_plan_drift_and_preserves_exact_guard[1.3.0]
[     0.3s] tests/unit/infra/test_managed_distribution.py::test_i368_guard_only_retry_rejects_plan_drift_and_preserves_exact_guard[1.4.0]
[     0.3s] tests/unit/infra/test_managed_distribution.py::test_i368_ambiguous_terminal_guard_only_state_is_preserved_without_mutation
[     0.3s] tests/unit/infra/test_managed_distribution.py::test_i368_journal_publish_revalidates_exact_forward_guard
[     0.3s] tests/unit/infra/test_managed_distribution.py::test_i368_terminal_journal_rejects_tampered_digest_before_finalization[verifying]
[     0.3s] tests/unit/infra/test_managed_distribution.py::test_i368_terminal_journal_rejects_tampered_digest_before_finalization[completed]
[     0.3s] tests/unit/infra/test_managed_distribution.py::test_i368_completed_journal_retains_recovery_authority_after_target_gains_hardlink
[     0.3s] tests/unit/infra/test_managed_distribution.py::test_i368_terminal_journal_finalizes_after_completed_prune_disappears_from_assessment
[     0.3s] tests/unit/infra/test_managed_distribution.py::test_i368_journal_finalization_preserves_concurrent_replacement
[     0.3s] tests/unit/infra/test_managed_distribution.py::test_i368_legacy_marker_removal_preserves_concurrent_replacement
[     0.3s] tests/unit/infra/test_managed_distribution.py::test_i368_journal_cleanup_failure_restores_canonical_recovery_authority
[     0.3s] tests/unit/infra/test_managed_distribution.py::test_i368_legacy_marker_quarantine_fsync_failure_restores_marker
[     0.3s] tests/unit/infra/test_managed_distribution.py::test_i368_same_plan_partial_failure_resumes_from_journal_checkpoint
[     0.3s] tests/unit/infra/test_managed_distribution.py::test_i368_checkpoint_write_failure_recovers_from_exact_postcondition
[     0.3s] tests/unit/infra/test_managed_distribution.py::test_i369_published_fresh_create_rejects_same_semantics_new_inode
[     0.3s] tests/unit/infra/test_managed_distribution.py::test_i369_published_recognized_upgrade_rejects_same_semantics_new_inode
[     0.3s] tests/unit/infra/test_managed_distribution.py::test_i369_same_run_fresh_create_rejects_same_semantics_new_inode
[     0.3s] tests/unit/infra/test_managed_distribution.py::test_i369_same_run_recognized_upgrade_rejects_same_semantics_new_inode
[     0.3s] tests/unit/infra/test_managed_distribution.py::test_i369_fresh_workbench_retry_binds_exact_external_seed_identity[replacement]
[     0.3s] tests/unit/infra/test_managed_distribution.py::test_i369_fresh_workbench_retry_binds_exact_external_seed_identity[hard-link]
[     0.3s] tests/unit/infra/test_managed_distribution.py::test_i369_fresh_workbench_retry_binds_exact_external_seed_identity[mutate-restore]
[     0.3s] tests/unit/infra/test_managed_distribution.py::test_i369_protocol1_published_create_without_witness_refuses
[     0.3s] tests/unit/infra/test_managed_distribution.py::test_i369_protocol1_published_upgrade_without_witness_refuses
[     0.3s] tests/unit/infra/test_managed_distribution.py::test_i369_protocol1_completed_journal_only_cleans_up_semantic_state
[     0.3s] tests/unit/infra/test_managed_distribution.py::test_i368_retry_cleans_exact_stage_created_after_write_ahead_reservation
[     0.3s] tests/unit/infra/test_managed_distribution.py::test_i368_zero_reserved_created_parent_stage_crash_recovery[converges-regular]
[     0.3s] tests/unit/infra/test_managed_distribution.py::test_i368_zero_reserved_created_parent_stage_crash_recovery[converges-symlink]
[     0.3s] tests/unit/infra/test_managed_distribution.py::test_i368_zero_reserved_created_parent_stage_crash_recovery[mismatch-regular]
[     0.3s] tests/unit/infra/test_managed_distribution.py::test_i368_zero_reserved_created_parent_stage_crash_recovery[mismatch-symlink]
[     0.3s] tests/unit/infra/test_managed_distribution.py::test_i368_pending_create_stale_cleanup_roles_resume_before_action[predecessor-quarantine-regular]
[     0.3s] tests/unit/infra/test_managed_distribution.py::test_i368_pending_create_stale_cleanup_roles_resume_before_action[predecessor-quarantine-symlink]
[     0.3s] tests/unit/infra/test_managed_distribution.py::test_i368_pending_create_stale_cleanup_roles_resume_before_action[backup-reserved-regular]
[     0.3s] tests/unit/infra/test_managed_distribution.py::test_i368_pending_create_stale_cleanup_roles_resume_before_action[backup-reserved-symlink]
[     0.3s] tests/unit/infra/test_managed_distribution.py::test_i368_pending_create_stale_cleanup_roles_resume_before_action[backup-dual-regular]
[     0.3s] tests/unit/infra/test_managed_distribution.py::test_i368_pending_create_stale_cleanup_roles_resume_before_action[backup-dual-symlink]
[     0.3s] tests/unit/infra/test_managed_distribution.py::test_i368_pending_create_stale_cleanup_roles_resume_before_action[backup-only-reserved-regular]
[     0.3s] tests/unit/infra/test_managed_distribution.py::test_i368_pending_create_stale_cleanup_roles_resume_before_action[backup-only-reserved-symlink]
[     0.3s] tests/unit/infra/test_managed_distribution.py::test_i368_pending_create_stale_cleanup_roles_resume_before_action[backup-only-regular]
[     0.3s] tests/unit/infra/test_managed_distribution.py::test_i368_pending_create_stale_cleanup_roles_resume_before_action[backup-only-symlink]
[     0.3s] tests/unit/infra/test_managed_distribution.py::test_i368_pending_create_stale_cleanup_roles_resume_before_action[gc-reserved-regular]
[     0.3s] tests/unit/infra/test_managed_distribution.py::test_i368_pending_create_stale_cleanup_roles_resume_before_action[gc-reserved-symlink]
[     0.3s] tests/unit/infra/test_managed_distribution.py::test_i368_pending_create_stale_cleanup_roles_resume_before_action[gc-exact-regular]
[     0.3s] tests/unit/infra/test_managed_distribution.py::test_i368_pending_create_stale_cleanup_roles_resume_before_action[gc-exact-symlink]
[     0.3s] tests/unit/infra/test_managed_distribution.py::test_i368_multi_name_gc_checkpoint_retry_converges[second-reservation-regular]
[     0.3s] tests/unit/infra/test_managed_distribution.py::test_i368_multi_name_gc_checkpoint_retry_converges[second-reservation-symlink]
[     0.3s] tests/unit/infra/test_managed_distribution.py::test_i368_multi_name_gc_checkpoint_retry_converges[second-rename-regular]
[     0.3s] tests/unit/infra/test_managed_distribution.py::test_i368_multi_name_gc_checkpoint_retry_converges[second-rename-symlink]
[     0.3s] tests/unit/infra/test_managed_distribution.py::test_i368_multi_name_gc_checkpoint_retry_converges[first-unlink-regular]
[     0.3s] tests/unit/infra/test_managed_distribution.py::test_i368_multi_name_gc_checkpoint_retry_converges[first-unlink-symlink]
[     0.3s] tests/unit/infra/test_managed_distribution.py::test_i368_retained_gc_transition_graph_resumes_without_name_ordering[third-reservation-regular]
[     0.3s] tests/unit/infra/test_managed_distribution.py::test_i368_retained_gc_transition_graph_resumes_without_name_ordering[third-reservation-symlink]
[     0.3s] tests/unit/infra/test_managed_distribution.py::test_i368_retained_gc_transition_graph_resumes_without_name_ordering[retained-rename-regular]
[     0.3s] tests/unit/infra/test_managed_distribution.py::test_i368_retained_gc_transition_graph_resumes_without_name_ordering[retained-rename-symlink]
[     0.3s] tests/unit/infra/test_managed_distribution.py::test_i368_retained_gc_transition_graph_resumes_without_name_ordering[exact-promotion-regular]
[     0.3s] tests/unit/infra/test_managed_distribution.py::test_i368_retained_gc_transition_graph_resumes_without_name_ordering[exact-promotion-symlink]
[     0.3s] tests/unit/infra/test_managed_distribution.py::test_i368_retained_gc_transition_graph_resumes_without_name_ordering[first-data-gc-unlink-regular]
[     0.3s] tests/unit/infra/test_managed_distribution.py::test_i368_retained_gc_transition_graph_resumes_without_name_ordering[first-data-gc-unlink-symlink]
[     0.3s] tests/unit/infra/test_managed_distribution.py::test_i368_retained_gc_transition_graph_resumes_without_name_ordering[retained-only-promotion-regular]
[     0.3s] tests/unit/infra/test_managed_distribution.py::test_i368_retained_gc_transition_graph_resumes_without_name_ordering[retained-only-promotion-symlink]
[     0.3s] tests/unit/infra/test_managed_distribution.py::test_i368_gc_graph_forgery_is_rejected_before_namespace_mutation[duplicate-ordinal]
[     0.3s] tests/unit/infra/test_managed_distribution.py::test_i368_gc_graph_forgery_is_rejected_before_namespace_mutation[ambiguous-successor]
[     0.3s] tests/unit/infra/test_managed_distribution.py::test_i368_gc_graph_forgery_is_rejected_before_namespace_mutation[missing-predecessor]
[     0.3s] tests/unit/infra/test_managed_distribution.py::test_i368_gc_graph_forgery_is_rejected_before_namespace_mutation[canonical-predecessor]
[     0.3s] tests/unit/infra/test_managed_distribution.py::test_i368_gc_graph_forgery_is_rejected_before_namespace_mutation[canonical-stage]
[     0.3s] tests/unit/infra/test_managed_distribution.py::test_i368_gc_graph_forgery_is_rejected_before_namespace_mutation[foreign-predecessor]
[     0.3s] tests/unit/infra/test_managed_distribution.py::test_i368_production_retry_validates_gc_graph_before_guard_or_workspace_reads
[     0.3s] tests/unit/infra/test_managed_distribution.py::test_i368_reserved_ordinal_three_rejects_unrelated_ordinal_two_inode
[     0.3s] tests/unit/infra/test_managed_distribution.py::test_i368_reserved_companion_requires_exact_named_predecessor[ordinal-two-unrelated-backup]
[     0.3s] tests/unit/infra/test_managed_distribution.py::test_i368_reserved_companion_requires_exact_named_predecessor[backup-reserved-wrong-predecessor]
[     0.3s] tests/unit/infra/test_managed_distribution.py::test_i368_resume_ordinal_two_ignores_unrelated_leading_backup_source[False]
[     0.3s] tests/unit/infra/test_managed_distribution.py::test_i368_resume_ordinal_two_ignores_unrelated_leading_backup_source[True]
[     0.3s] tests/unit/infra/test_managed_distribution.py::test_i368_gc_backup_source_ambiguity_is_rejected_before_earlier_path_mutation
[     0.3s] tests/unit/infra/test_managed_distribution.py::test_i368_resumed_final_retained_transition_preserves_interposed_entry[regular-replacement]
[     0.3s] tests/unit/infra/test_managed_distribution.py::test_i368_resumed_final_retained_transition_preserves_interposed_entry[symlink-replacement]
[     0.3s] tests/unit/infra/test_managed_distribution.py::test_i368_resumed_final_retained_transition_preserves_interposed_entry[regular-unknown-child]
[     0.3s] tests/unit/infra/test_managed_distribution.py::test_i368_stale_cleanup_final_backup_unlink_revalidates_held_created_parent[regular]
[     0.3s] tests/unit/infra/test_managed_distribution.py::test_i368_stale_cleanup_final_backup_unlink_revalidates_held_created_parent[symlink]
[     0.3s] tests/unit/infra/test_managed_distribution.py::test_i368_stale_cleanup_final_backup_unlink_revalidates_held_created_parent[fifo]
[     0.3s] tests/unit/infra/test_managed_distribution.py::test_i368_stale_cleanup_final_backup_unlink_revalidates_held_created_parent[unleased-stage]
[     0.3s] tests/unit/infra/test_managed_distribution.py::test_i368_abrupt_swap_requires_exact_post_swap_successor_lease
[     0.3s] tests/unit/infra/test_managed_distribution.py::test_i368_retry_removes_reserved_quarantine_after_abrupt_prune
[     0.3s] tests/unit/infra/test_managed_distribution.py::test_i368_forward_guard_rejects_reordered_self_rehashed_journal
[     0.3s] tests/unit/infra/test_managed_distribution.py::test_i368_guard_anchor_rejects_self_rehashed_zero_reservation_journal
[     0.3s] tests/unit/infra/test_managed_distribution.py::test_i368_guard_write_ahead_crash_accepts_exact_journal_predecessor
[     0.3s] tests/unit/infra/test_managed_distribution.py::test_i368_initial_guard_only_crash_reconstructs_exact_prepared_journal
[     0.3s] tests/unit/infra/test_managed_distribution.py::test_i368_prepared_journal_resumes_exact_guard_inherited_stage_lease[regular]
[     0.3s] tests/unit/infra/test_managed_distribution.py::test_i368_prepared_journal_resumes_exact_guard_inherited_stage_lease[symlink]
[     0.3s] tests/unit/infra/test_managed_distribution.py::test_i368_digestless_prepared_journal_rejects_guard_inherited_lease_mismatch[regular]
[     0.3s] tests/unit/infra/test_managed_distribution.py::test_i368_digestless_prepared_journal_rejects_guard_inherited_lease_mismatch[symlink]
[     0.3s] tests/unit/infra/test_managed_distribution.py::test_i368_initial_guard_rejects_self_rehashed_executing_zero_lease_before_mutation
[     0.3s] tests/unit/infra/test_managed_distribution.py::test_i368_digestless_schema_2_guard_migrates_only_exact_initial_journal
[     0.3s] tests/unit/infra/test_managed_distribution.py::test_i368_digestless_schema_2_guard_rejects_executing_zero_lease_without_writes
[     0.3s] tests/unit/infra/test_managed_distribution.py::test_i368_digestless_guard_rejects_forged_initial_created_parent_inventory[omit]
[     0.3s] tests/unit/infra/test_managed_distribution.py::test_i368_digestless_guard_rejects_forged_initial_created_parent_inventory[add]
[     0.3s] tests/unit/infra/test_managed_distribution.py::test_i368_digestless_guard_rejects_forged_initial_created_parent_inventory[reorder]
[     0.3s] tests/unit/infra/test_managed_distribution.py::test_i368_digestless_guard_accepts_initial_inventory_after_owned_parent_mkdir_crash
[     0.3s] tests/unit/infra/test_managed_distribution.py::test_i368_roleless_backup_fixture_promotes_and_resumes[dual-link]
[     0.3s] tests/unit/infra/test_managed_distribution.py::test_i368_roleless_backup_fixture_promotes_and_resumes[backup-only]
[     0.3s] tests/unit/infra/test_managed_distribution.py::test_i368_roleless_backup_fixture_promotes_and_resumes[dual-link-stale-ctime]
[     0.3s] tests/unit/infra/test_managed_distribution.py::test_i368_roleless_backup_fixture_promotes_and_resumes[backup-only-stale-ctime]
[     0.3s] tests/unit/infra/test_managed_distribution.py::test_s20_invalid_historical_record_is_rejected[record0]
[     0.3s] tests/unit/infra/test_managed_distribution.py::test_s20_invalid_historical_record_is_rejected[record1]
[     0.3s] tests/unit/infra/test_managed_distribution.py::test_s20_invalid_historical_record_is_rejected[record2]
[     0.3s] tests/unit/infra/test_managed_distribution.py::test_s20_invalid_historical_record_is_rejected[record3]
[     0.3s] tests/unit/infra/test_managed_distribution.py::test_s20_invalid_historical_record_is_rejected[record4]
[     0.3s] tests/unit/infra/test_managed_distribution.py::test_s20_invalid_historical_record_is_rejected[record5]
[     0.3s] tests/unit/infra/test_managed_distribution.py::test_s20_invalid_historical_record_is_rejected[record6]
[     0.3s] tests/unit/infra/test_managed_distribution.py::test_s20_invalid_historical_record_is_rejected[record7]
[     0.3s] tests/unit/infra/test_managed_distribution.py::test_s20_invalid_historical_record_is_rejected[record8]
[     0.3s] tests/unit/infra/test_managed_distribution.py::test_s20_invalid_historical_record_is_rejected[record9]
[     0.3s] tests/unit/infra/test_managed_distribution.py::test_s20_invalid_historical_record_is_rejected[record10]
[     0.3s] tests/unit/infra/test_managed_distribution.py::test_s20_invalid_historical_record_is_rejected[record11]
[     0.3s] tests/unit/infra/test_managed_distribution.py::test_s20_duplicate_and_current_obsolete_overlap_are_rejected
[     0.3s] tests/unit/infra/test_managed_distribution.py::test_s20_protected_workspace_overlap_is_rejected[spec-dock/docs/README.md]
[     0.3s] tests/unit/infra/test_managed_distribution.py::test_s20_protected_workspace_overlap_is_rejected[spec-dock/initiatives/user-owned/requirement.md]
[     0.3s] tests/unit/infra/test_managed_distribution.py::test_s20_protected_workspace_overlap_is_rejected[spec-dock/active/issue/requirement.md]
[     0.3s] tests/unit/infra/test_managed_distribution.py::test_s20_protected_workspace_overlap_is_rejected[spec-dock/.workbench/README.md]
[     0.3s] tests/unit/infra/test_managed_distribution.py::test_s20_physical_current_catalog_cannot_overlap_protected_workspace
[     0.3s] tests/unit/infra/test_managed_distribution.py::test_s20_ancestor_overlap_between_historical_records_is_rejected
[     0.3s] tests/unit/infra/test_managed_distribution.py::test_s20_nested_historical_records_cannot_overlap_current_or_each_other
[     0.3s] tests/unit/infra/test_managed_distribution.py::test_s20_historical_schema_requires_all_named_sections
[     0.3s] tests/unit/infra/test_managed_distribution.py::test_s20_scaffold_is_a_source_root_not_a_second_current_catalog
[     0.3s] tests/unit/infra/test_managed_distribution.py::test_s25_fresh_classifies_missing_and_current_identical_without_mutation
[     0.3s] tests/unit/infra/test_managed_distribution.py::test_i369_fresh_required_directories_are_top_down_and_non_destructive
[     0.3s] tests/unit/infra/test_managed_distribution.py::test_i369_required_directory_collisions_are_blocked_without_mutation
[     0.3s] tests/unit/infra/test_managed_distribution.py::test_i369_fresh_scaffold_seed_uses_template_source_and_update_does_not_backfill
[     0.3s] tests/unit/infra/test_managed_distribution.py::test_i369_update_missing_and_empty_workspace_admit_fresh
[     0.3s] tests/unit/infra/test_managed_distribution.py::test_i369_created_fresh_workspace_rejects_foreign_root_child_before_journal
[     0.3s] tests/unit/infra/test_managed_distribution.py::test_i369_existing_required_directory_adopt_checkpoint_retries
[     0.3s] tests/unit/infra/test_managed_distribution.py::test_i369_fresh_workbench_hard_link_adopt_checkpoint_retries
[     0.3s] tests/unit/infra/test_managed_distribution.py::test_i369_protocol1_adopt_postcondition_journal_retry_compatibility
[     0.3s] tests/unit/infra/test_managed_distribution.py::test_i369_protocol1_adopt_postcondition_guard_only_migrates_compatibility
[     0.3s] tests/unit/infra/test_managed_distribution.py::test_i369_protocol1_fixed_link_count_symlink_journal_retry_compatibility
[     0.3s] tests/unit/infra/test_managed_distribution.py::test_i369_protocol1_fixed_link_count_symlink_guard_only_migrates_compatibility
[     0.3s] tests/unit/infra/test_managed_distribution.py::test_i369_fresh_legacy_later_phase_reassesses_and_converts_without_checkpoint_skip[managed-scaffold-refreshed]
[     0.3s] tests/unit/infra/test_managed_distribution.py::test_i369_fresh_legacy_later_phase_reassesses_and_converts_without_checkpoint_skip[current-external-materialized]
[     0.3s] tests/unit/infra/test_managed_distribution.py::test_i369_fresh_legacy_later_phase_reassesses_and_converts_without_checkpoint_skip[obsolete-pruned]
[     0.3s] tests/unit/infra/test_managed_distribution.py::test_i369_fresh_legacy_later_phase_reassesses_and_converts_without_checkpoint_skip[post-verified]
[     0.3s] tests/unit/infra/test_managed_distribution.py::test_i369_fresh_legacy_later_phase_reassesses_and_converts_without_checkpoint_skip[version-written]
[     0.3s] tests/unit/infra/test_managed_distribution.py::test_i369_fresh_schema1_marker_rejects_newer_package_conversion
[     0.3s] tests/unit/infra/test_managed_distribution.py::test_i369_fresh_schema1_conversion_preserves_legacy_marker_when_journal_appears
[     0.3s] tests/unit/infra/test_managed_distribution.py::test_i369_fresh_schema1_conversion_restores_marker_after_digest_anchor_race
[     0.3s] tests/unit/infra/test_managed_distribution.py::test_s25_missing_current_target_is_create
[     0.3s] tests/unit/infra/test_managed_distribution.py::test_s25_uninstall_missing_current_target_is_already_absent
[     0.3s] tests/unit/infra/test_managed_distribution.py::test_s25_unknown_current_collision_is_preserved_and_diagnostic_is_sanitized
[     0.3s] tests/unit/infra/test_managed_distribution.py::test_s25_preflight_does_not_follow_final_component_swapped_to_symlink
[     0.3s] tests/unit/infra/test_managed_distribution.py::test_s25_preflight_does_not_follow_parent_swapped_to_symlink
[     0.3s] tests/unit/infra/test_managed_distribution.py::test_s25_update_upgrades_direct_historical_identity
[     0.3s] tests/unit/infra/test_managed_distribution.py::test_i368_regular_upgrade_restores_replacement_raced_at_atomic_swap
[     0.3s] tests/unit/infra/test_managed_distribution.py::test_s25_fresh_historical_identity_is_preserved_and_blocked
[     0.3s] tests/unit/infra/test_managed_distribution.py::test_s25_trusted_manifest_requires_manifest_and_claim_identity
[     0.3s] tests/unit/infra/test_managed_distribution.py::test_s25_trusted_manifest_can_prove_historical_current_path
[     0.3s] tests/unit/infra/test_managed_distribution.py::test_s25_path_type_collisions_block_before_any_mutation[exact-directory-exact-path-directory]
[     0.3s] tests/unit/infra/test_managed_distribution.py::test_s25_path_type_collisions_block_before_any_mutation[exact-symlink-exact-path-symlink]
[     0.3s] tests/unit/infra/test_managed_distribution.py::test_s25_path_type_collisions_block_before_any_mutation[parent-symlink-symlink-container]
[     0.3s] tests/unit/infra/test_managed_distribution.py::test_s25_historical_hard_link_is_blocked_for_mutation
[     0.3s] tests/unit/infra/test_managed_distribution.py::test_s25_current_hard_link_is_blocked_for_mutation[fresh]
[     0.3s] tests/unit/infra/test_managed_distribution.py::test_s25_current_hard_link_is_blocked_for_mutation[update]
[     0.3s] tests/unit/infra/test_managed_distribution.py::test_s25_current_hard_link_is_blocked_for_mutation[init-force]
[     0.3s] tests/unit/infra/test_managed_distribution.py::test_s25_current_hard_link_is_blocked_for_mutation[uninstall]
[     0.3s] tests/unit/infra/test_managed_distribution.py::test_i369_required_directory_classification_reuses_captured_observation
[     0.3s] tests/unit/infra/test_managed_distribution.py::test_s25_current_mode_mismatch_is_preserved_and_blocked_for_uninstall
[     0.3s] tests/unit/infra/test_managed_distribution.py::test_s25_current_hard_linked_shortcut_is_blocked_for_mutation[fresh-block]
[     0.3s] tests/unit/infra/test_managed_distribution.py::test_s25_current_hard_linked_shortcut_is_blocked_for_mutation[update-adopt]
[     0.3s] tests/unit/infra/test_managed_distribution.py::test_s25_current_hard_linked_shortcut_is_blocked_for_mutation[init-force-adopt]
[     0.3s] tests/unit/infra/test_managed_distribution.py::test_s25_current_hard_linked_shortcut_is_blocked_for_mutation[uninstall-block]
[     0.3s] tests/unit/infra/test_managed_distribution.py::test_i369_recognized_symlink_adopt_checkpoint_retry_preserves_link_topology
[     0.3s] tests/unit/infra/test_managed_distribution.py::test_i369_recognized_adopt_rejects_same_semantics_new_inode
[     0.3s] tests/unit/infra/test_managed_distribution.py::test_s25_historical_hard_linked_shortcut_is_blocked_for_update
[     0.3s] tests/unit/infra/test_managed_distribution.py::test_s25_shortcut_uses_link_identity_without_following_target
[     0.3s] tests/unit/infra/test_managed_distribution.py::test_s25_update_can_classify_a_proven_historical_shortcut
[     0.3s] tests/unit/infra/test_managed_distribution.py::test_s25_historical_shortcut_record_proves_canonical_shortcut
[     0.3s] tests/unit/infra/test_managed_distribution.py::test_s25_noncanonical_historical_shortcut_is_evidence_only
[     0.3s] tests/unit/infra/test_managed_distribution.py::test_s30_apply_materializes_missing_regular_target_without_replacing_existing_path
[     0.3s] tests/unit/infra/test_managed_distribution.py::test_i369_apply_observation_count_scales_linearly_for_adopt_plan
[     0.3s] tests/unit/infra/test_managed_distribution.py::test_i369_fresh_checkpoints_are_bounded_by_phase_count
[     0.3s] tests/unit/infra/test_managed_distribution.py::test_s30_apply_upgrades_historical_regular_target_atomically
[     0.3s] tests/unit/infra/test_managed_distribution.py::test_s25_update_repairs_mode_when_content_is_current
[     0.3s] tests/unit/infra/test_managed_distribution.py::test_s55_obsolete_identity_ownership_ignores_mode_drift
[     0.3s] tests/unit/infra/test_managed_distribution.py::test_s30_apply_rejects_provider_mode_change_after_plan
[     0.3s] tests/unit/infra/test_managed_distribution.py::test_s30_apply_rejects_provider_content_change_with_same_planned_snapshot
[     0.3s] tests/unit/infra/test_managed_distribution.py::test_s30_apply_retries_cleanup_of_known_stale_stage
[     0.3s] tests/unit/infra/test_managed_distribution.py::test_s30_apply_rebinds_stage_ownership_after_swap_for_retry
[     0.3s] tests/unit/infra/test_managed_distribution.py::test_s30_apply_recovers_when_rebind_record_and_cleanup_both_fail
[     0.3s] tests/unit/infra/test_managed_distribution.py::test_i368_post_swap_same_content_replacement_preserves_displaced_predecessor
[     0.3s] tests/unit/infra/test_managed_distribution.py::test_s30_apply_cleans_rebound_stage_when_marker_update_fails
[     0.3s] tests/unit/infra/test_managed_distribution.py::test_s30_apply_retries_stage_cleanup_for_trusted_manifest_provenance
[     0.3s] tests/unit/infra/test_managed_distribution.py::test_s30_historical_stage_identities_include_recognized_anchor
[     0.3s] tests/unit/infra/test_managed_distribution.py::test_s30_apply_refreshes_snapshots_after_stale_stage_cleanup_for_later_action
[     0.3s] tests/unit/infra/test_managed_distribution.py::test_s30_apply_rejects_external_parent_created_after_preflight
[     0.3s] tests/unit/infra/test_managed_distribution.py::test_s30_apply_rejects_external_nested_parent_after_operation_parent_creation
[     0.3s] tests/unit/infra/test_managed_distribution.py::test_s30_apply_upgrade_keeps_target_unchanged_when_staging_write_fails
[     0.3s] tests/unit/infra/test_managed_distribution.py::test_s30_apply_records_partial_stage_identity_when_cleanup_fails
[     0.3s] tests/unit/infra/test_managed_distribution.py::test_s30_apply_create_cleans_stage_when_staging_write_fails
[     0.3s] tests/unit/infra/test_managed_distribution.py::test_s30_apply_create_records_partial_stage_identity_when_cleanup_fails
[     0.3s] tests/unit/infra/test_managed_distribution.py::test_s30_apply_prunes_historical_target_without_following_symlink
[     0.3s] tests/unit/infra/test_managed_distribution.py::test_s55_apply_prunes_proven_obsolete_target_during_update
[     0.3s] tests/unit/infra/test_managed_distribution.py::test_i368_prune_preserves_replacement_raced_at_final_path
[     0.3s] tests/unit/infra/test_managed_distribution.py::test_s55_mode_mismatch_still_prunes_obsolete_target
[     0.3s] tests/unit/infra/test_managed_distribution.py::test_s55_unknown_or_unsafe_obsolete_target_blocks_before_mutation[modified-obsolete-identity-unknown]
[     0.3s] tests/unit/infra/test_managed_distribution.py::test_s55_unknown_or_unsafe_obsolete_target_blocks_before_mutation[symlink-obsolete-identity-unknown]
[     0.3s] tests/unit/infra/test_managed_distribution.py::test_s55_unknown_or_unsafe_obsolete_target_blocks_before_mutation[directory-exact-path-directory]
[     0.3s] tests/unit/infra/test_managed_distribution.py::test_s30_apply_blocks_root_rebind_before_any_write
[     0.3s] tests/unit/infra/test_managed_distribution.py::test_s30_apply_blocks_root_rebind_after_preflight_before_parent_creation
[     0.3s] tests/unit/infra/test_managed_distribution.py::test_s30_apply_blocks_root_rebind_during_data_write
[     0.3s] tests/unit/infra/test_managed_distribution.py::test_s30_apply_blocks_replaced_ancestor_created_by_prior_action
[     0.3s] tests/unit/infra/test_managed_distribution.py::test_s30_apply_blocks_parent_rebind_before_any_write
[     0.3s] tests/unit/infra/test_managed_distribution.py::test_s30_apply_blocks_destination_appearance_without_overwrite
[     0.3s] tests/unit/infra/test_managed_distribution.py::test_s30_apply_blocks_hard_link_prune_without_mutation
[     0.3s] tests/unit/infra/test_managed_distribution.py::test_s30_apply_materializes_canonical_shortcut_without_following_target
[     0.3s] tests/unit/infra/test_managed_distribution.py::test_s30_apply_retries_symlink_create_stage_record_and_cleanup
[     0.3s] tests/unit/infra/test_managed_distribution.py::test_s30_apply_upgrades_canonical_shortcut_with_no_replace_publish
[     0.3s] tests/unit/infra/test_managed_distribution.py::test_s30_apply_retries_cleanup_of_known_stale_symlink_stage
[     0.3s] tests/unit/infra/test_managed_distribution.py::test_s30_apply_preserves_unknown_stage_like_sibling
[     0.3s] tests/unit/infra/test_managed_distribution.py::test_s30_apply_ignores_and_preserves_unrecorded_legacy_stage_collision
[     0.3s] tests/unit/infra/test_managed_distribution.py::test_s30_symlink_upgrade_blocks_before_unlink_without_no_replace_support
[     0.3s] tests/unit/infra/test_managed_distribution.py::test_i368_symlink_upgrade_restores_replacement_raced_at_atomic_swap
[     0.3s] tests/unit/infra/test_managed_distribution.py::test_s35_admission_accepts_fresh_and_recognized_workspace_without_writes
[     0.3s] tests/unit/infra/test_managed_distribution.py::test_s35_admission_rejects_noncanonical_version_before_mutation[1.2.3-invalid-version]
[     0.3s] tests/unit/infra/test_managed_distribution.py::test_s35_admission_rejects_noncanonical_version_before_mutation[1.2.3\r\n-invalid-version]
[     0.3s] tests/unit/infra/test_managed_distribution.py::test_s35_admission_rejects_noncanonical_version_before_mutation[\xef\xbb\xbf1.2.3\n-invalid-version]
[     0.3s] tests/unit/infra/test_managed_distribution.py::test_s35_admission_rejects_noncanonical_version_before_mutation[1.2.3\nextra\n-invalid-version]
[     0.3s] tests/unit/infra/test_managed_distribution.py::test_s35_admission_rejects_hard_link_and_newer_workspace
[     0.3s] tests/unit/infra/test_managed_distribution.py::test_s35_admission_rejects_anchor_mismatch_and_symlink_version
[     0.3s] tests/unit/infra/test_managed_distribution.py::test_s35_cross_root_retry_replay_and_dual_marker_are_blocked
[     0.3s] tests/unit/infra/test_managed_distribution.py::test_s35_admission_allows_newer_package_for_prewrite_legacy_marker
[     0.3s] tests/unit/infra/test_managed_distribution.py::test_s35_legacy_uninstall_marker_remains_admissible_without_version
[     0.3s] tests/unit/infra/test_managed_distribution.py::test_s35_retry_marker_authority_precedes_empty_workspace_fast_path
[     0.3s] tests/unit/infra/test_managed_distribution.py::test_i368_journal_create_revalidates_guard_at_publish_boundary
[     0.3s] tests/unit/infra/test_managed_distribution.py::test_i368_journal_swap_revalidates_guard_at_publish_boundary
[     0.3s] tests/unit/infra/test_managed_distribution.py::test_i368_journal_finalization_restores_journal_when_guard_races
[     0.3s] tests/unit/infra/test_managed_distribution.py::test_i368_published_successor_rejects_same_byte_replacement_before_return[journal]
[     0.3s] tests/unit/infra/test_managed_distribution.py::test_i368_published_successor_rejects_same_byte_replacement_before_return[guard]
[     0.3s] tests/unit/infra/test_managed_distribution.py::test_i368_finalization_rejects_replacement_before_authority_reacquisition[True-journal]
[     0.3s] tests/unit/infra/test_managed_distribution.py::test_i368_finalization_rejects_replacement_before_authority_reacquisition[True-guard]
[     0.3s] tests/unit/infra/test_managed_distribution.py::test_i368_finalization_rejects_replacement_before_authority_reacquisition[False-journal]
[     0.3s] tests/unit/infra/test_managed_distribution.py::test_i368_finalization_rejects_replacement_before_authority_reacquisition[False-guard]
[     0.3s] tests/unit/infra/test_managed_distribution.py::test_i368_legacy_marker_with_exact_partial_stage_converts_and_resumes
[     0.3s] tests/unit/infra/test_managed_distribution.py::test_i368_legacy_post_swap_stage_converts_as_adopt_cleanup
[     0.3s] tests/unit/infra/test_managed_distribution.py::test_i368_checkpoint_rejects_same_bytes_different_inode_create_successor
[     0.3s] tests/unit/infra/test_managed_distribution.py::test_i368_checkpoint_revalidates_successor_immediately_before_predecessor_cleanup
[     0.3s] tests/unit/infra/test_managed_distribution.py::test_i368_checkpoint_quarantine_unlink_fault_restores_and_converges
[     0.3s] tests/unit/infra/test_managed_distribution.py::test_i368_displaced_quarantine_write_ahead_crash_retry_converges[reservation-after-regular]
[     0.3s] tests/unit/infra/test_managed_distribution.py::test_i368_displaced_quarantine_write_ahead_crash_retry_converges[reservation-after-symlink]
[     0.3s] tests/unit/infra/test_managed_distribution.py::test_i368_displaced_quarantine_write_ahead_crash_retry_converges[rename-after-regular]
[     0.3s] tests/unit/infra/test_managed_distribution.py::test_i368_displaced_quarantine_write_ahead_crash_retry_converges[rename-after-symlink]
[     0.3s] tests/unit/infra/test_managed_distribution.py::test_i368_displaced_quarantine_write_ahead_crash_retry_converges[exact-before-regular]
[     0.3s] tests/unit/infra/test_managed_distribution.py::test_i368_displaced_quarantine_write_ahead_crash_retry_converges[exact-before-symlink]
[     0.3s] tests/unit/infra/test_managed_distribution.py::test_i368_displaced_quarantine_write_ahead_crash_retry_converges[exact-after-regular]
[     0.3s] tests/unit/infra/test_managed_distribution.py::test_i368_displaced_quarantine_write_ahead_crash_retry_converges[exact-after-symlink]
[     0.3s] tests/unit/infra/test_managed_distribution.py::test_i368_displaced_quarantine_write_ahead_crash_retry_converges[backup-link-after-regular]
[     0.3s] tests/unit/infra/test_managed_distribution.py::test_i368_displaced_quarantine_write_ahead_crash_retry_converges[backup-link-after-symlink]
[     0.3s] tests/unit/infra/test_managed_distribution.py::test_i368_displaced_quarantine_write_ahead_crash_retry_converges[unlink-before-regular]
[     0.3s] tests/unit/infra/test_managed_distribution.py::test_i368_displaced_quarantine_write_ahead_crash_retry_converges[unlink-before-symlink]
[     0.3s] tests/unit/infra/test_managed_distribution.py::test_i368_displaced_quarantine_write_ahead_crash_retry_converges[quarantine-unlink-after-regular]
[     0.3s] tests/unit/infra/test_managed_distribution.py::test_i368_displaced_quarantine_write_ahead_crash_retry_converges[quarantine-unlink-after-symlink]
[     0.3s] tests/unit/infra/test_managed_distribution.py::test_i368_reserved_displaced_quarantine_mismatch_is_preserved[regular]
[     0.3s] tests/unit/infra/test_managed_distribution.py::test_i368_reserved_displaced_quarantine_mismatch_is_preserved[symlink]
[     0.3s] tests/unit/infra/test_managed_distribution.py::test_i368_checkpoint_rejects_same_inode_successor_mutate_restore
[     0.3s] tests/unit/infra/test_managed_distribution.py::test_i368_displaced_cleanup_revalidates_both_namespace_entries[regular]
[     0.3s] tests/unit/infra/test_managed_distribution.py::test_i368_displaced_cleanup_revalidates_both_namespace_entries[symlink]
[     0.3s] tests/unit/infra/test_managed_distribution.py::test_i368_quarantine_backup_preserves_replacement_and_restores_predecessor[after-final-stat-regular]
[     0.3s] tests/unit/infra/test_managed_distribution.py::test_i368_quarantine_backup_preserves_replacement_and_restores_predecessor[after-final-stat-symlink]
[     0.3s] tests/unit/infra/test_managed_distribution.py::test_i368_quarantine_backup_preserves_replacement_and_restores_predecessor[post-unlink-canonical-regular]
[     0.3s] tests/unit/infra/test_managed_distribution.py::test_i368_quarantine_backup_preserves_replacement_and_restores_predecessor[post-unlink-canonical-symlink]
[     0.3s] tests/unit/infra/test_managed_distribution.py::test_i368_final_gc_preserves_exact_source_across_delete_interposition[replacement-regular]
[     0.3s] tests/unit/infra/test_managed_distribution.py::test_i368_final_gc_preserves_exact_source_across_delete_interposition[replacement-symlink]
[     0.3s] tests/unit/infra/test_managed_distribution.py::test_i368_final_gc_preserves_exact_source_across_delete_interposition[unknown-child-regular]
[     0.3s] tests/unit/infra/test_managed_distribution.py::test_i368_final_gc_preserves_exact_source_across_delete_interposition[unknown-child-symlink]
[     0.3s] tests/unit/infra/test_managed_distribution.py::test_i368_final_retained_witness_is_not_unlinked_after_authority_interposition[replacement-regular]
[     0.3s] tests/unit/infra/test_managed_distribution.py::test_i368_final_retained_witness_is_not_unlinked_after_authority_interposition[replacement-symlink]
[     0.3s] tests/unit/infra/test_managed_distribution.py::test_i368_final_retained_witness_is_not_unlinked_after_authority_interposition[unknown-child-regular]
[     0.3s] tests/unit/infra/test_managed_distribution.py::test_i368_final_retained_witness_is_not_unlinked_after_authority_interposition[unknown-child-symlink]
[     0.3s] tests/unit/infra/test_managed_distribution.py::test_i368_post_exchange_race_preserves_third_party_canonical[regular]
[     0.3s] tests/unit/infra/test_managed_distribution.py::test_i368_post_exchange_race_preserves_third_party_canonical[symlink]
[     0.3s] tests/unit/infra/test_managed_distribution.py::test_i368_guard_conversion_failure_retains_legacy_predecessor
[     0.3s] tests/unit/infra/test_runtime_fs_cli_workbench.py::test_copy_workbench_recursively_merges_source_wins_and_is_idempotent
[     0.3s] tests/unit/infra/test_runtime_fs_cli_workbench.py::test_copy_workbench_copies_opaque_ordinary_file_bytes_without_classification
[     0.3s] tests/unit/infra/test_runtime_fs_cli_workbench.py::test_copy_workbench_replaces_destination_symlink_leaf_without_touching_its_target
[     0.3s] tests/unit/infra/test_runtime_fs_cli_workbench.py::test_copy_workbench_copies_broken_and_external_symlinks_as_link_objects
[     0.3s] tests/unit/infra/test_runtime_fs_cli_workbench.py::test_copy_workbench_does_not_traverse_destination_symlink_as_a_directory
[     0.3s] tests/unit/infra/test_runtime_fs_cli_workbench.py::test_destination_traversal_symlink_failure_after_first_copy_reports_mutation_started
[     0.3s] tests/unit/infra/test_runtime_fs_cli_workbench.py::test_copy_workbench_rejects_source_directory_identity_swap_without_external_read
[     0.3s] tests/unit/infra/test_runtime_fs_cli_workbench.py::test_copy_workbench_rejects_destination_directory_identity_swap_without_external_write
[     0.3s] tests/unit/infra/test_runtime_fs_cli_workbench.py::test_copy_workbench_rejects_missing_destination_parent_swap_before_mkdir
[     0.3s] tests/unit/infra/test_runtime_fs_cli_workbench.py::test_copy_workbench_root_mkdir_stays_in_verified_parent_after_visible_parent_swap
[     0.3s] tests/unit/infra/test_runtime_fs_cli_workbench.py::test_copy_workbench_root_mkdir_success_then_open_failure_reports_mutation_without_rollback
[     0.3s] tests/unit/infra/test_runtime_fs_cli_workbench.py::test_copy_workbench_nested_mkdir_stays_in_held_parent_after_visible_parent_swap
[     0.3s] tests/unit/infra/test_runtime_fs_cli_workbench.py::test_copy_workbench_symlink_create_stays_in_held_parent_after_visible_parent_swap
[     0.3s] tests/unit/infra/test_runtime_fs_cli_workbench.py::test_copy_workbench_source_readlink_uses_held_parent_after_visible_parent_swap
[     0.3s] tests/unit/infra/test_runtime_fs_cli_workbench.py::test_copy_workbench_rejects_created_directory_replaced_with_symlink_without_external_write
[     0.3s] tests/unit/infra/test_runtime_fs_cli_workbench.py::test_copy_workbench_rejects_source_child_directory_swap_before_destination_mutation
[     0.3s] tests/unit/infra/test_runtime_fs_cli_workbench.py::test_copy_workbench_existing_nested_destination_frame_stays_on_opened_child_after_visible_swap
[     0.3s] tests/unit/infra/test_runtime_fs_cli_workbench.py::test_copy_workbench_nested_source_frame_reads_opened_child_after_visible_replacement
[     0.3s] tests/unit/infra/test_runtime_fs_cli_workbench.py::test_copy_workbench_rejects_source_symlink_swap_after_readlink_before_destination_mutation
[     0.3s] tests/unit/infra/test_runtime_fs_cli_workbench.py::test_copy_workbench_fails_closed_before_mutation_when_descriptor_capability_is_unavailable[_WORKBENCH_DIR_FD_SUPPORTED]
[     0.3s] tests/unit/infra/test_runtime_fs_cli_workbench.py::test_copy_workbench_fails_closed_before_mutation_when_descriptor_capability_is_unavailable[_WORKBENCH_FD_INSPECTION_SUPPORTED]
[     0.3s] tests/unit/infra/test_runtime_fs_cli_workbench.py::test_copy_workbench_closes_each_opened_descriptor_once[False]
[     0.3s] tests/unit/infra/test_runtime_fs_cli_workbench.py::test_copy_workbench_closes_each_opened_descriptor_once[True]
[     0.3s] tests/unit/infra/test_runtime_fs_cli_workbench.py::test_copy_workbench_rejects_nested_destination_leaf_swap_before_unlink
[     0.3s] tests/unit/infra/test_runtime_fs_cli_workbench.py::test_copy_workbench_keeps_destination_parent_fd_after_symlink_read_path_swap
[     0.3s] tests/unit/infra/test_runtime_fs_cli_workbench.py::test_copy_workbench_rejects_missing_leaf_that_appears_before_write[symlink]
[     0.3s] tests/unit/infra/test_runtime_fs_cli_workbench.py::test_copy_workbench_rejects_leaf_inserted_after_destination_unlink[symlink]
[     0.3s] tests/unit/infra/test_runtime_fs_cli_workbench.py::test_copy_workbench_regular_file_rejects_symlink_inserted_before_exclusive_create
[     0.3s] tests/unit/infra/test_runtime_fs_cli_workbench.py::test_copy_workbench_regular_file_rejects_symlink_inserted_after_fd_unlink
[     0.3s] tests/unit/infra/test_runtime_fs_cli_workbench.py::test_copy_workbench_regular_file_keeps_verified_parent_fd_after_path_swap
[     0.3s] tests/unit/infra/test_runtime_fs_cli_workbench.py::test_copy_workbench_regular_file_preserves_bytes_mode_and_mtime
[     0.3s] tests/unit/infra/test_runtime_fs_cli_workbench.py::test_copy_workbench_type_collision_fails_without_removing_destination_data[directory]
[     0.3s] tests/unit/infra/test_runtime_fs_cli_workbench.py::test_copy_workbench_type_collision_fails_without_removing_destination_data[file]
[     0.3s] tests/unit/infra/test_runtime_fs_cli_workbench.py::test_copy_workbench_empty_source_creates_empty_destination
[     0.3s] tests/unit/infra/test_runtime_fs_cli_workbench.py::test_copy_workbench_unsupported_special_entry_fails_instead_of_skipping
[     0.3s] tests/unit/infra/test_runtime_fs_cli_workbench.py::test_guard_workbench_ancestry_rejects_each_symlink_component_without_touching_external[repo]
[     0.3s] tests/unit/infra/test_runtime_fs_cli_workbench.py::test_guard_workbench_ancestry_rejects_each_symlink_component_without_touching_external[spec-dock]
[     0.3s] tests/unit/infra/test_runtime_fs_cli_workbench.py::test_guard_workbench_ancestry_rejects_each_symlink_component_without_touching_external[scope]
[     0.3s] tests/unit/infra/test_runtime_fs_cli_workbench.py::test_guard_workbench_ancestry_rejects_each_symlink_component_without_touching_external[.workbench]
[     0.3s] tests/unit/infra/test_runtime_fs_cli_workbench.py::test_guard_workbench_ancestry_rejects_lexical_escape_before_external_inspection
[     0.3s] tests/unit/infra/test_runtime_fs_cli_workbench.py::test_guard_workbench_inventory_rejects_metadata_symlink_anywhere_without_reading_target[initiatives-root]
[     0.3s] tests/unit/infra/test_runtime_fs_cli_workbench.py::test_guard_workbench_inventory_rejects_metadata_symlink_anywhere_without_reading_target[unexpected-directory]
[     0.3s] tests/unit/infra/test_runtime_fs_cli_workbench.py::test_guard_workbench_inventory_prunes_exact_workbench_but_traverses_near_name
[     0.3s] tests/unit/infra/test_runtime_fs_cli_workbench.py::test_copy_workbench_mid_copy_fault_reports_mutation_started_without_rollback
[     0.3s] tests/unit/infra/test_runtime_fs_cli_workbench.py::test_copy_workbench_failed_destination_mkdir_reports_no_mutation
[     0.3s] tests/unit/infra/test_runtime_fs_cli_workbench.py::test_copy_workbench_failed_unlink_reports_no_mutation
[     0.3s] tests/unit/infra/test_runtime_fs_cli_workbench.py::test_copy_workbench_failure_after_successful_removal_reports_mutation
[     0.3s] tests/unit/infra/test_runtime_fs_cli_workbench.py::test_copy_workbench_failed_symlink_creation_reports_no_mutation
[     0.3s] tests/unit/infra/test_runtime_fs_repo_workbench_opacity.py::test_workbench_readme_and_payloads_remain_semantically_opaque
[     0.3s] tests/unit/infra/test_runtime_fs_repo_workbench_opacity.py::test_node_metadata_discovery_preserves_near_name_behavior[.meta.json]
[     0.3s] tests/unit/infra/test_runtime_fs_repo_workbench_opacity.py::test_node_metadata_discovery_preserves_near_name_behavior[meta.json]
[     0.3s] tests/unit/infra/test_runtime_fs_repo_workbench_opacity.py::test_current_metadata_outside_workbench_remains_strict
[     0.3s] tests/unit/infra/test_runtime_fs_repo_workbench_opacity.py::test_metadata_walk_prunes_workbench_before_descendant_access[_iter_node_meta_paths-.meta.json]
[     0.3s] tests/unit/infra/test_runtime_fs_repo_workbench_opacity.py::test_metadata_walk_prunes_workbench_before_descendant_access[_find_legacy_meta_paths-meta.json]
[     0.3s] tests/unit/infra/test_runtime_resolver_workbench_opacity.py::test_delete_fallback_scan_prunes_workbench_and_preserves_near_name
[     0.3s] tests/unit/infra/test_runtime_template_scaffolder.py::test_copy_scaffolded_tree_uses_exact_copy_for_unchanged_utf8_bytes
[     0.3s] tests/unit/infra/test_runtime_template_scaffolder.py::test_copy_scaffolded_tree_still_renders_changed_placeholder_text
[     0.3s] tests/unit/infra/test_runtime_template_scaffolder.py::test_copy_scaffolded_tree_exact_copy_is_path_agnostic
[     0.3s] tests/unit/infra/test_runtime_template_scaffolder.py::test_copy_scaffolded_tree_at_preserves_legacy_mode_semantics
[     0.3s] tests/unit/presentation/test_artifact_import_file.py::test_file_import_success_json_uses_exact_public_allowlist
[     0.3s] tests/unit/presentation/test_artifact_import_file.py::test_file_import_error_json_is_content_and_path_free
[     0.3s] tests/unit/presentation/test_artifact_import_file.py::test_file_import_text_quotes_all_dynamic_values_as_control_safe_json_strings
[     0.3s] tests/unit/presentation/test_artifact_import_file.py::test_external_success_and_precommit_error_are_content_free_across_renderers
[     0.3s] tests/unit/presentation/test_deps_raw_puml.py::test_tc_s02_001_issue_to_issue_edge_with_ancestors
[     0.3s] tests/unit/presentation/test_deps_raw_puml.py::test_tc_s02_002_parent_level_package_endpoint_edge
[     0.3s] tests/unit/presentation/test_deps_raw_puml.py::test_tc_s02_003_epic_issue_mixed_edge
[     0.3s] tests/unit/presentation/test_deps_raw_puml.py::test_tc_s02_004_initiative_issue_mixed_edge
[     0.3s] tests/unit/presentation/test_deps_raw_puml.py::test_tc_s04_003_high_level_participant_state_comes_from_payload
[     0.3s] tests/unit/presentation/test_deps_raw_puml.py::test_tc_s04_004_completed_high_level_source_is_not_raw_participant
[     0.3s] tests/unit/presentation/test_deps_raw_puml.py::test_tc_s02_005_nonparticipants_omitted_and_ancestors_retained
[     0.3s] tests/unit/presentation/test_deps_raw_puml.py::test_tc_s02_006_parent_participant_without_descendant_issue_expansion
[     0.3s] tests/unit/presentation/test_deps_raw_puml.py::test_tc_s04_004_done_dependency_is_omitted_from_active_raw_view
[     0.3s] tests/unit/presentation/test_deps_raw_puml.py::test_tc_s04_005_satisfied_high_level_dependency_is_omitted_from_active_raw_view
[     0.3s] tests/unit/presentation/test_deps_raw_puml.py::test_tc_s04_006_satisfied_high_level_source_dependency_is_omitted_from_active_raw_view
[     0.3s] tests/unit/presentation/test_deps_raw_puml.py::test_tc_s04_007_unknown_high_level_source_dependency_remains_in_active_raw_view
[     0.3s] tests/unit/presentation/test_deps_raw_puml.py::test_tc_s04_008_satisfied_high_level_source_dependency_with_raw_context_only_renders_active_edge
[     0.3s] tests/unit/presentation/test_deps_raw_puml.py::test_tc_s02_008_zero_raw_direct_dependencies_valid_note
[     0.3s] tests/unit/presentation/test_deps_raw_puml.py::test_tc_s04_001_disabled_raw_dependency_view_includes_failure_note
[     0.3s] tests/unit/presentation/test_runtime_sync_s07.py::TestRuntimeSyncS07::test_collect_adr_mirror_sources_filters_to_valid_multi_scope_adr_inputs
[     0.3s] tests/unit/presentation/test_runtime_sync_s07.py::TestRuntimeSyncS07::test_tc_s04_001_003_adr_collection_never_opens_generic_artifact_body
[     0.3s] tests/unit/presentation/test_runtime_sync_s07.py::TestRuntimeSyncS07::test_sync_fails_before_write_on_adr_mirror_basename_collision_and_preserves_adrs
[     0.3s] tests/unit/presentation/test_runtime_sync_s07.py::TestRuntimeSyncS07::test_sync_rejects_symlinked_artifacts_dir_before_adr_collection
[     0.3s] tests/unit/presentation/test_runtime_sync_s07.py::TestRuntimeSyncS07::test_sync_rejects_symlinked_artifact_file_before_adr_collection
[     0.3s] tests/unit/presentation/test_runtime_sync_s07.py::TestRuntimeSyncS07::test_sync_builds_flat_adr_mirror_symlinks_on_success
[     0.3s] tests/unit/presentation/test_runtime_sync_s07.py::TestRuntimeSyncS07::test_sync_warns_and_succeeds_with_empty_adrs_when_symlinks_are_unsupported
[     0.3s] tests/unit/presentation/test_runtime_sync_s07.py::TestRuntimeSyncS07::test_sync_failure_keeps_symlink_unsupported_warning_in_result_state
[     0.3s] tests/unit/presentation/test_runtime_sync_s07.py::TestRuntimeSyncS07::test_sync_active_update_render_failure_preserves_symlink_warning_and_reports_non_atomic
[     0.3s] tests/unit/presentation/test_runtime_sync_s07.py::TestRuntimeSyncS07::test_sync_symlink_probe_preserves_existing_repo_files_with_legacy_probe_name
[     0.3s] tests/unit/presentation/test_runtime_sync_s07.py::TestRuntimeSyncS07::test_sync_recovers_dangling_adrs_symlink_before_probe_and_rebuilds_mirror
[     0.3s] tests/unit/presentation/test_runtime_sync_s07.py::TestRuntimeSyncS07::test_sync_treats_live_adrs_symlink_as_unsafe_for_probe_and_replaces_it
[     0.3s] tests/unit/presentation/test_runtime_sync_s07.py::TestRuntimeSyncS07::test_resolve_adr_mirror_probe_location_falls_back_when_adrs_is_not_a_directory
[     0.3s] tests/unit/presentation/test_runtime_sync_s07.py::TestRuntimeSyncS07::test_sync_uses_specdock_dir_for_probe_when_existing_adrs_dir_is_not_probe_writable
[     0.3s] tests/unit/presentation/test_runtime_sync_s07.py::TestRuntimeSyncS07::test_sync_ignores_non_utf8_timestamp_adr_candidates
[     0.3s] tests/unit/presentation/test_runtime_sync_s07.py::TestRuntimeSyncS07::test_sync_leaves_empty_adrs_without_warning_when_no_adr_sources_exist
[     0.3s] tests/unit/presentation/test_runtime_sync_s07.py::TestRuntimeSyncS07::test_sync_keeps_symlink_probe_failures_hard_when_not_classified_as_unsupported
[     0.3s] tests/unit/presentation/test_runtime_sync_s07.py::TestRuntimeSyncS07::test_sync_active_update_probe_failure_is_non_atomic
[     0.3s] tests/unit/presentation/test_runtime_sync_s07.py::TestRuntimeSyncS07::test_sync_keeps_actual_adr_mirror_symlink_failures_hard_after_probe_success
[     0.3s] tests/unit/presentation/test_runtime_sync_s07.py::TestRuntimeSyncS07::test_is_environment_symlink_unsupported_covers_remaining_classified_branches
[     0.3s] tests/unit/presentation/test_runtime_sync_s07.py::TestRuntimeSyncS07::test_sync_use_case_writes_artifacts_and_paths
[     0.3s] tests/unit/presentation/test_runtime_sync_s07.py::TestRuntimeSyncS07::test_sync_deps_cycle_fail_fast_regression
[     0.3s] tests/unit/presentation/test_runtime_sync_s07.py::TestRuntimeSyncS07::test_sync_force_placeholder_and_deps_error_regression
[     0.3s] tests/unit/presentation/test_runtime_sync_s07.py::TestRuntimeSyncS07::test_issue_71_runtime_bundle_sync_force_degraded_path
[     0.3s] tests/unit/presentation/test_runtime_sync_s07.py::TestRuntimeSyncS07::test_sync_prefers_foreign_repo_snapshot_for_foreign_linked_issue
[     0.3s] tests/unit/presentation/test_runtime_sync_s07.py::TestRuntimeSyncS07::test_sync_skips_same_repo_repo_scoped_view_fetch_when_index_contains_key
[     0.3s] tests/unit/presentation/test_runtime_sync_s07.py::TestRuntimeSyncS07::test_sync_falls_back_to_same_repo_repo_scoped_view_fetch_when_index_missing_key
[     0.3s] tests/unit/presentation/test_runtime_sync_s07.py::TestRuntimeSyncS07::test_sync_fails_preflight_for_malformed_partial_repo_scope_linkage[missing_repo_name-force_false]
[     0.3s] tests/unit/presentation/test_runtime_sync_s07.py::TestRuntimeSyncS07::test_sync_fails_preflight_for_malformed_partial_repo_scope_linkage[missing_repo_name-force_true]
[     0.3s] tests/unit/presentation/test_runtime_sync_s07.py::TestRuntimeSyncS07::test_sync_fails_preflight_for_malformed_partial_repo_scope_linkage[missing_repo_owner-force_false]
[     0.3s] tests/unit/presentation/test_runtime_sync_s07.py::TestRuntimeSyncS07::test_sync_fails_preflight_for_malformed_partial_repo_scope_linkage[missing_repo_owner-force_true]
[     0.3s] tests/unit/presentation/test_runtime_sync_s07.py::TestRuntimeSyncS07::test_sync_fails_preflight_for_malformed_partial_repo_scope_linkage[blank_repo_owner-force_false]
[     0.3s] tests/unit/presentation/test_runtime_sync_s07.py::TestRuntimeSyncS07::test_sync_fails_preflight_for_malformed_partial_repo_scope_linkage[blank_repo_owner-force_true]
[     0.3s] tests/unit/presentation/test_runtime_sync_s07.py::TestRuntimeSyncS07::test_sync_fails_preflight_for_malformed_partial_repo_scope_linkage[blank_repo_name-force_false]
[     0.3s] tests/unit/presentation/test_runtime_sync_s07.py::TestRuntimeSyncS07::test_sync_fails_preflight_for_malformed_partial_repo_scope_linkage[blank_repo_name-force_true]
[     0.3s] tests/unit/presentation/test_runtime_sync_s07.py::TestRuntimeSyncS07::test_sync_falls_back_to_current_repo_view_for_unscoped_linked_epic_when_index_missing_key
[     0.3s] tests/unit/presentation/test_runtime_sync_s07.py::TestRuntimeSyncS07::test_sync_mixed_same_repo_and_foreign_repo_scoped_targets_keeps_foreign_fetch
[     0.3s] tests/unit/presentation/test_runtime_sync_s07.py::TestRuntimeSyncS07::test_sync_does_not_mix_snapshots_when_current_and_foreign_share_same_issue_number
[     0.3s] tests/unit/presentation/test_runtime_sync_s07.py::TestRuntimeSyncS07::test_sync_does_not_apply_foreign_snapshot_to_current_unscoped_issue_when_current_snapshot_missing
[     0.3s] tests/unit/presentation/test_runtime_sync_s07.py::TestRuntimeSyncS07::test_sync_prefers_foreign_repo_snapshot_for_foreign_linked_initiative_and_epic
[     0.3s] tests/unit/presentation/test_runtime_sync_s07.py::TestRuntimeSyncS07::test_sync_keeps_local_issue_snapshot_when_foreign_repo_uses_same_issue_number
[     0.3s] tests/unit/presentation/test_runtime_sync_s07.py::TestRuntimeSyncS07::test_sync_does_not_fallback_to_same_number_other_repo_snapshot_in_json
[     0.3s] tests/unit/presentation/test_runtime_sync_s07.py::TestRuntimeSyncS07::test_sync_active_update_then_artifact_failure_is_non_atomic
[     0.3s] tests/unit/presentation/test_runtime_sync_s07.py::TestRuntimeSyncS07::test_sync_artifact_failure_contract_when_active_not_updated
[     0.3s] tests/unit/presentation/test_runtime_sync_s07.py::TestRuntimeSyncS07::test_sync_prewrite_failure_contract_is_failed_before_write
[     0.3s] tests/unit/presentation/test_runtime_sync_s07.py::TestRuntimeSyncS07::test_sync_prewrite_render_failure_keeps_symlink_warning_in_failed_before_write_result
[     0.3s] tests/unit/presentation/test_runtime_sync_s07.py::TestRuntimeSyncS07::test_render_sync_text_regression
[     0.3s] tests/unit/presentation/test_runtime_sync_s07.py::TestRuntimeSyncS07::test_deps_issues_does_not_include_historical_satisfied_high_level_context
[     0.3s] tests/unit/presentation/test_runtime_sync_s07.py::TestRuntimeSyncS07::test_deps_check_json_includes_lifecycle_and_disposition_context
[     0.3s] tests/unit/presentation/test_runtime_sync_s07.py::TestRuntimeSyncS07::test_sync_exit_behavior_regression
[     0.3s] tests/unit/presentation/test_runtime_sync_s07.py::TestRuntimeSyncS07::test_legacy_delegated_sync_smoke
[     0.3s] tests/unit/presentation/test_runtime_sync_s07.py::TestRuntimeSyncS07::test_sync_github_keeps_lone_unscoped_legacy_linkage_without_backfill
[     0.3s] tests/unit/presentation/test_runtime_sync_s07.py::TestRuntimeSyncS07::test_tc_s06_001_new_post_sync_exception_is_nonzero_with_mutation_success_guidance
[     0.3s] tests/unit/presentation/test_runtime_sync_s07.py::TestRuntimeSyncS07::test_tc_s06_002_deps_fatal_github_warning_is_post_sync_failure_guidance
[     0.3s] tests/unit/presentation/test_runtime_sync_s07.py::TestRuntimeSyncS07::test_tc_s06_003_delete_json_includes_post_sync_outcome_and_failure_exit
[     0.3s] tests/unit/presentation/test_runtime_sync_s07.py::TestRuntimeSyncS07::test_tc_s06_004_mutation_parser_help_exposes_no_auto_sync_opt_out
[     0.3s] tests/unit/presentation/test_runtime_sync_s07.py::TestRuntimeSyncS07::test_sync_github_bulk_does_not_use_backfill_path_even_with_issue_index
[     0.3s] tests/unit/presentation/test_runtime_sync_s07.py::TestRuntimeSyncS07::test_sync_github_keeps_foreign_coexistence_only_legacy_unscoped_without_backfill
[     0.3s] tests/unit/presentation/test_runtime_sync_s07.py::TestRuntimeSyncS07::test_collect_sync_state_force_hard_fails_for_partial_scope_backfill_candidates
[     0.3s] tests/unit/presentation/test_runtime_sync_s07.py::TestRuntimeSyncS07::test_collect_sync_state_force_hard_fails_for_partial_scope_when_another_validation_error_exists
[     0.3s] tests/unit/presentation/test_runtime_sync_s07.py::TestRuntimeSyncS07::test_sync_github_skips_backfill_when_current_repo_slug_is_unknown
[     0.3s] tests/unit/presentation/test_workbench.py::test_workbench_copy_failure_output_is_content_free_and_noncanonical
[     0.3s] tests/unit/test_discovery.py::TestUnitDiscoverySmoke::test_unit_package_markers_exist
[     0.3s] tests/unit/test_provider_test_lanes.py::test_full_regression_signature_normalization_is_platform_independent
[     0.3s] tests/unit/test_provider_test_lanes.py::test_full_regression_total_slo_evidence_includes_collection_and_shards
[     0.3s] tests/unit/test_provider_test_lanes.py::test_full_regression_phase_budget_cannot_extend_the_total_deadline
[     0.3s] tests/unit/test_provider_test_lanes.py::test_full_regression_stream_timeout_survives_unterminated_output
[     0.3s] tests/unit/test_provider_test_lanes.py::test_full_regression_leader_exit_cannot_leave_stdout_descendant[continuous-write]
[     0.3s] tests/unit/test_provider_test_lanes.py::test_full_regression_leader_exit_cannot_leave_stdout_descendant[intermittent-write]
[     0.3s] tests/unit/test_provider_test_lanes.py::test_full_regression_leader_exit_cannot_leave_stdout_descendant[silent]
[     0.3s] tests/unit/test_provider_test_lanes.py::test_full_regression_leader_exit_checks_group_after_pipe_eof
[     0.3s] tests/unit/test_provider_test_lanes.py::test_full_regression_final_result_rechecks_deadline_after_postprocessing
[     0.3s] tests/unit/test_provider_test_lanes.py::test_full_regression_weighted_shards_are_deterministic_and_preserve_collection_order
[     0.3s] tests/unit/test_provider_test_lanes.py::test_full_regression_weighted_shards_spread_known_slow_nodes
[     0.3s] tests/unit/test_provider_test_lanes.py::test_distribution_cutover_reuses_plain_init_only_as_update_or_uninstall_setup
[     0.3s] tests/unit/test_provider_test_lanes.py::test_full_regression_workflow_enforces_the_total_slo
[     0.3s] tests/unit/test_provider_test_lanes.py::test_full_regression_shards_preserve_ledger_assertion_verbosity
[     0.3s] tests/unit/test_provider_test_lanes.py::test_focused_collection_does_not_require_global_inventory
[     0.3s] tests/unit/test_provider_test_lanes.py::test_repo_root_lane_partition_is_complete_and_keeps_required_fast_nodes
[     0.3s] tests/unit/test_provider_test_lanes.py::test_explicit_fast_and_full_regression_markers_are_rejected
[     0.3s] tests/unit/test_provider_test_lanes.py::test_forbidden_explicit_lane_overrides_are_rejected
[     0.3s] tests/unit/test_provider_test_lanes.py::test_dynamic_lane_markers_are_visible_to_marker_selection
[     0.3s] tests/unit/test_provider_test_lanes.py::test_full_regression_option_and_permission_contract
[     0.3s] tests/unit/test_provider_test_lanes.py::test_ordinary_fast_failure_remains_nonzero_and_heavy_body_stays_zero
[     0.3s] tests/unit/test_provider_test_lanes.py::test_focused_and_marker_only_heavy_are_policy_skipped
[     0.3s] tests/unit/test_provider_test_lanes.py::test_full_permission_preserves_legitimate_outcomes_and_heavy_failure
[     0.3s] tests/unit/test_provider_test_lanes.py::test_full_regression_guard_rejects_missing_ledger
[     0.3s] tests/unit/test_provider_test_lanes.py::test_full_regression_guard_rejects_deleted_or_renamed_ledger_node
[     0.3s] tests/unit/test_provider_test_lanes.py::test_full_regression_guard_rejects_incomplete_selected_suite
[     0.3s] tests/unit/test_static_analysis_script.py::test_static_analysis_script_summarizes_failure_and_runs_later_phases
[     0.3s] 
[     0.3s] 2507 tests collected in 0.22s
